country,iso3,year,target,mortality_data,risk_factor_surveys,plan,tob_tax,smoke_free,graphic_warnings,tob_advert,tob_mass_media,alc_sales,alc_advert,alc_tax,salt,fat,child_food_marketing,milkcode,phys_mass_media,clinical_guide,cardio_therapies,total_imp,commercial_total
Afghanistan,AFG,2015,0,0,0,0,0,0.5,0,0.5,NA,1,1,1,0,0,0,0,0,0,NA,4,4
Afghanistan,AFG,2017,0,0,0.5,1,0,1,0.5,1,0,1,1,1,0.5,1,1,1,NA,0,0,10.5,9
Afghanistan,AFG,2019,0,0,0.5,1,0,1,0,1,0,1,1,1,0,0,0,1,0,0,0,7.5,6
Afghanistan,AFG,2022,1,0,0.5,0,0,1,0,1,0,1,1,1,0,0,0,1,0,0,0,7.5,6
Albania,ALB,2015,0,0.5,0.5,0,0,1,0.5,1,NA,0.5,0,0.5,0,0,0,1,1,0.5,1,8,4.5
Albania,ALB,2017,0.5,0.5,0.5,1,0.5,1,0.5,1,0.5,0.5,0,0.5,0,0,0,1,0,0.5,0.5,9,5.5
Albania,ALB,2019,1,0.5,0.5,1,0.5,1,0.5,1,0,0.5,0,0.5,0,0,1,1,0,0.5,0,9.5,6
Albania,ALB,2022,1,0.5,0.5,1,0.5,1,0.5,1,0,0.5,0,0.5,0,0,1,0.5,1,1,0,10.5,5.5
Algeria,DZA,2015,1,0,0.5,0.5,0,0.5,0,0.5,NA,0.5,1,1,0,0,0,1,1,0,NA,7.5,4.5
Algeria,DZA,2017,1,0,0.5,0.5,0,0.5,0,0.5,NA,0.5,1,1,1,0,0,0.5,1,0.5,NA,8.5,5
Algeria,DZA,2019,0,0,0.5,0.5,0,0.5,0,0.5,NA,0,0,0,0,0,0,0.5,0,0.5,0,3,1.5
Algeria,DZA,2022,1,0,0.5,0.5,0,0.5,0,1,NR,0,0,0,0.5,0.5,0,0.5,1,1,0,7,3
Andorra,AND,2015,NA,1,0.5,0,0.5,0.5,0,0,NA,0.5,0,0.5,0,0,0,0,1,0,NA,4.5,2
Andorra,AND,2017,0,0.5,0.5,0,0.5,0.5,0,0,0,0.5,0,0.5,0,0,0,NA,1,0,NA,4,2
Andorra,AND,2019,0,0.5,0.5,0,1,0.5,0,0,0,0.5,0,0.5,0,0,0,0.5,0,0,NA,4,3
Andorra,AND,2022,0,1,0.5,0,1,0.5,0,0,0,0.5,0,0.5,0,0,0,0.5,0,0,NA,4.5,3
Angola,AGO,2015,0,0,0.5,0,0,0,0,0,NA,0.5,0,0,0,0,0,0,0,NA,0,1,0.5
Angola,AGO,2017,0,0,0.5,0,NA,0.5,0,0,0,0.5,0,0,0,0,0,0,NA,NA,0,1.5,1
Angola,AGO,2019,0,0,0.5,0,0,0.5,0,0,NA,0.5,0,0,0,NA,0,0,0,0,0,1.5,1
Angola,AGO,2022,0,0,0.5,0,0,0.5,0,0.5,1,0.5,0,0,0,NA,0,0,0,0,0,3,2.5
Antigua and Barbuda,ATG,2015,NA,1,0,0,0,0,0,0,NA,0.5,0,0,0,0,0,0,1,0,0,2.5,0.5
Antigua and Barbuda,ATG,2017,1,1,0,1,0,0,0,0,0.5,0.5,0,0,0,0,0,0,1,0,0,5,1
Antigua and Barbuda,ATG,2019,1,1,0,1,0,1,0.5,1,0,0.5,0,0,0,0,0,0,1,0,0,7,3
Antigua and Barbuda,ATG,2022,0,1,0,0,0,1,0.5,1,0.5,0.5,0,0,0,0,0,0,0,0,NA,4.5,3.5
Argentina,ARG,2015,1,0.5,1,0.5,0.5,1,1,0.5,NA,0.5,0.5,0,1,1,0,1,1,0.5,0.5,12,7
Argentina,ARG,2017,1,1,0.5,0.5,1,1,1,0.5,0.5,0,0.5,0.5,1,1,0,0.5,0,0.5,0.5,11.5,7.5
Argentina,ARG,2019,1,1,1,0.5,1,1,1,0.5,0.5,0.5,0.5,0,0.5,1,0,0.5,0.5,1,0.5,12.5,7
Argentina,ARG,2022,1,1,1,0.5,1,1,1,0.5,0,0.5,0.5,0,0.5,1,0,0,0,1,NA,10.5,6
Armenia,ARM,2015,1,0.5,1,0,0,0.5,0.5,0,NA,0.5,0.5,0.5,0,0,0,1,0,0.5,0.5,7,3.5
Armenia,ARM,2017,1,1,1,1,0,0.5,1,0,NA,0.5,1,0.5,0,0,0,1,0,0.5,0.5,9.5,4.5
Armenia,ARM,2019,1,1,1,1,0,0.5,1,0,NA,0.5,0.5,0.5,0,0.5,0,1,0.5,0.5,0.5,10,4.5
Armenia,ARM,2022,1,1,1,1,0,0.5,1,0.5,0.5,0.5,0.5,0.5,0,1,0,1,0.5,0.5,0.5,11.5,6
Australia,AUS,2015,0.5,1,1,1,0,1,1,0.5,NA,0.5,0.5,0,1,1,0,1,1,0.5,NA,11.5,6.5
Australia,AUS,2017,0.5,1,0.5,0.5,0.5,1,1,0.5,1,0.5,0,0.5,0.5,1,1,0,1,1,NA,12,7.5
Australia,AUS,2019,0,1,0.5,0,1,1,1,0.5,1,0.5,0,0,0.5,0.5,1,0,1,1,NA,10.5,7
Australia,AUS,2022,0,1,0.5,0,0.5,1,1,0.5,0,0.5,0,0,0.5,0.5,1,0,0,1,1,9,5.5
Austria,AUT,2015,0,1,0.5,0,0.5,0,0.5,0.5,NA,0.5,0,0,1,1,0,0,1,0,NA,6.5,4
Austria,AUT,2017,0,1,0.5,0,1,0,1,0.5,1,0,0,0.5,0,1,0,0.5,1,0,1,9,5.5
Austria,AUT,2019,0,1,0.5,0,1,0,1,0.5,1,0,0.5,0,0.5,1,0,0.5,1,0.5,1,10,6
Austria,AUT,2022,0,1,0.5,0,0.5,0.5,1,0.5,0.5,0,0.5,0,0.5,1,1,0.5,1,0.5,NA,9.5,6.5
Azerbaijan,AZE,2015,0,0.5,0.5,0,0,0.5,0.5,0.5,NA,0.5,0.5,1,0,0,0,1,1,NA,0,6.5,4.5
Azerbaijan,AZE,2017,1,0.5,1,1,0,0.5,0.5,0.5,0,0.5,0.5,0.5,1,1,1,0.5,1,0.5,0,11.5,6.5
Azerbaijan,AZE,2019,0.5,0.5,1,1,0,0.5,0.5,1,0.5,0.5,NA,0.5,0.5,1,1,0.5,0.5,1,0,11,6.5
Azerbaijan,AZE,2022,NA,0.5,1,1,0,0.5,0.5,1,0,0.5,NR,0.5,0.5,0.5,1,0.5,1,1,0.5,10.5,5.5
Bahamas,BHS,2015,0,0.5,0.5,0,0,0,0,0,NA,1,0.5,1,0,0,0,0,1,0,NA,4.5,2.5
Bahamas,BHS,2017,1,1,0.5,0,0,0,0,0,0,1,0,0.5,0,NA,0,0,1,0.5,NA,5.5,1.5
Bahamas,BHS,2019,1,1,0.5,0.5,NA,0,0,0,0,0.5,0,0.5,0,0,0,0,1,0.5,NA,5.5,1
Bahamas,BHS,2022,1,1,0.5,0.5,0,0,0,0,0,0.5,0,0.5,0,0,0,0,0,0.5,NA,4.5,1
Bahrain,BHR,2015,1,0.5,0.5,0.5,0,0,0.5,1,NA,NA,NA,NA,1,1,1,1,1,1,1,11,5.5
Bahrain,BHR,2017,1,0.5,0.5,1,0,0,0.5,1,0.5,NA,NA,NA,0.5,1,1,1,1,NA,1,10.5,5.5
Bahrain,BHR,2019,1,0.5,0.5,1,0.5,0,0.5,1,0.5,0.5,0,0.5,1,1,1,1,0.5,0.5,1,12.5,7.5
Bahrain,BHR,2022,1,0.5,0.5,1,0.5,0,0.5,1,0.5,0.5,0,0.5,0.5,1,1,1,0.5,1,1,12.5,7
Bangladesh,BGD,2015,0,0,0.5,0,0.5,0,1,0.5,NA,0.5,1,1,0,0,0,1,1,0,0,7,5.5
Bangladesh,BGD,2017,0.5,0,0.5,1,1,0.5,1,0.5,1,0.5,1,0.5,0.5,0,NA,0.5,0,1,0,10,7
Bangladesh,BGD,2019,1,0,0.5,1,0.5,0.5,1,0.5,0.5,0.5,1,0.5,0,0,0,1,0,1,0,9.5,6
Bangladesh,BGD,2022,1,0,0.5,1,0.5,0.5,1,0.5,0.5,0.5,1,0.5,0,0,0,1,0,0.5,0,9,6
Barbados,BRB,2015,NA,0.5,1,1,0,1,0,0,NA,0.5,0,0.5,1,0,0,1,1,0.5,0,8,4
Barbados,BRB,2017,1,0.5,0.5,1,0,1,0,0,0,0.5,0,0.5,0.5,0,0,0,1,0.5,0,7,2.5
Barbados,BRB,2019,1,0.5,0.5,1,0,1,1,0,0,0.5,0,0.5,0,0,0,0,1,0.5,0,7.5,3
Barbados,BRB,2022,1,0.5,0.5,1,NR,1,1,0,0,0.5,0,0.5,0,0,0,0,0,0.5,0,6.5,3.00
Belarus,BLR,2015,0,1,0.5,0,0,0,0.5,0.5,NA,0.5,0.5,1,1,1,1,1,1,1,1,11.5,7
Belarus,BLR,2017,0.5,1,1,1,0,0,1,0.5,NA,0.5,0.5,1,0.5,1,1,0,1,1,1,12.5,6
Belarus,BLR,2019,0.5,1,1,1,0.5,0,1,0.5,1,0.5,1,1,0.5,1,1,0,1,1,1,14.5,8
Belarus,BLR,2022,1,1,1,1,0.5,0,1,0.5,1,0.5,1,1,0.5,0.5,1,0,1,1,1,14.5,7.5
Belgium,BEL,2015,0.5,1,1,1,0.5,0.5,0.5,0.5,NA,0.5,0.5,0.5,1,0,0,1,1,0.5,NA,10.5,5.5
Belgium,BEL,2017,0,1,0.5,0,1,0.5,1,0.5,0.5,0.5,0,1,0.5,0,1,0.5,1,1,1,11.5,7
Belgium,BEL,2019,0,1,1,0,1,0.5,1,0.5,0,0.5,0,0.5,1,1,1,0.5,1,1,1,12.5,7.5
Belgium,BEL,2022,0,1,1,0,1,0,1,0.5,0,0.5,0,0.5,1,1,1,0.5,1,1,1,12,7
Belize,BLZ,2015,1,1,0.5,0.5,0,0,0,0,NA,0.5,0,0,0,0,0,0,0,0,0,3.5,0.5
Belize,BLZ,2017,1,1,0.5,1,0,0,0,0,NA,1,0,0.5,0,0,0,0,0,0.5,0,5.5,1.5
Belize,BLZ,2019,1,1,0,1,0,0,0,0,0,1,0,0.5,0,0,0,0,1,0.5,NA,6,1.5
Belize,BLZ,2022,1,1,0,1,0,0,0,0,0,1,0,0.5,0,0,0,0,0,0.5,0,5,1.5
Benin,BEN,2015,1,0,0.5,1,0,0.5,0.5,0.5,NA,0.5,0,1,0,0,0,0,0,0.5,0,6,3
Benin,BEN,2017,0,0,0.5,1,0,0.5,0.5,0.5,NA,0,0,0.5,0,0,0,1,0,1,0,5.5,3
Benin,BEN,2019,1,0,0.5,1,0,1,0.5,1,0,0,0,0.5,0,0,0,1,0,1,0,7.5,4
Benin,BEN,2022,1,0,0.5,1,0,1,0.5,1,0,0,0,0.5,0,0,0,0.5,0,1,0,7,3.5
Bhutan,BTN,2015,0.5,0,1,0,NA,1,0,0.5,NA,1,0.5,0,0,0,0,1,1,1,0,7.5,4
Bhutan,BTN,2017,1,0,0.5,1,NA,0.5,0,0.5,0,0.5,1,0.5,1,1,0,0,0,1,0,8.5,5
Bhutan,BTN,2019,1,0,1,1,NA,0.5,0,0.5,0,1,1,0,0,0,0,0,0,1,0,7,3
Bhutan,BTN,2022,1,0,1,1,0,0.5,0,0.5,0,1,1,0,0,0,0,0,0,1,0,7,3
Bolivia,BOL,2015,NA,0.5,0.5,0,0,0.5,1,0.5,NA,0.5,0.5,0.5,NA,NA,0,NA,1,0.5,NA,6,3.5
Bolivia,BOL,2017,0.5,0.5,0,0,0,0.5,1,0.5,0,NA,NA,NA,0,0,1,1,0,0,0,5,4
Bolivia,BOL,2019,0.5,0,0.5,0,0,0.5,1,0.5,0.5,0.5,0,1,0.5,0,0,1,0,1,0,7.5,5.5
Bolivia (Plurinational State of),BOL,2022,0.5,0,0.5,0,0,1,1,0.5,0.5,0.5,0,1,0,0,0,0.5,0,1,0,7,5
Bosnia and Herzegovina,BIH,2015,0,0.5,0.5,1,0.5,0,0,0.5,NA,0.5,0.5,0.5,0,NA,1,1,1,NA,NA,7.5,4.5
Bosnia and Herzegovina,BIH,2017,NA,0.5,0.5,1,1,0,0,0.5,NA,0.5,1,0.5,NA,0,1,0.5,1,0.5,1,9.5,5
Bosnia and Herzegovina,BIH,2019,0,0.5,0.5,1,1,0,0,0.5,0,0.5,1,0.5,0.5,0,0,0.5,1,0,1,8.5,4.5
Bosnia and Herzegovina,BIH,2022,0,0.5,0.5,1,1,0,0,0.5,0.5,0.5,1,0.5,0.5,0,1,0.5,1,1,1,11,6
Botswana,BWA,2015,NA,0,NA,NA,0.5,0,0,0.5,NA,1,0,0.5,NA,NA,NA,NA,NA,NA,NA,2.5,2.5
Botswana,BWA,2017,0,0,1,0,0,0,0,0.5,0,1,0,0.5,0.5,0,0,1,0,1,0,5.5,3.5
Botswana,BWA,2019,1,0,1,1,0,0,0,0.5,0.5,1,0,0.5,0,0,0,1,1,1,0,8.5,3.5
Botswana,BWA,2022,1,0,0.5,1,0.5,0,0,0.5,0.5,1,0,0.5,0,0,0,0.5,0,1,NA,7,3.5
Brazil,BRA,2015,1,1,1,1,0,1,1,1,NA,0.5,1,0.5,1,1,1,1,1,1,0.5,15.5,9
Brazil,BRA,2017,1,1,1,1,0.5,1,1,1,0.5,0.5,0,0.5,1,1,1,1,1,1,0,15,9
Brazil,BRA,2019,1,1,0.5,1,1,1,1,1,1,0.5,0,0,0.5,0.5,1,1,1,1,0.5,14.5,8.5
Brazil,BRA,2022,1,1,0.5,1,1,1,1,1,0.5,0.5,0,0,0.5,0.5,1,1,1,1,0,13.5,8
Brunei Darussalam,BRN,2015,1,0.5,1,0.5,0.5,1,1,0.5,NA,1,1,1,0,0,0,0,1,1,1,12,6
Brunei Darussalam,BRN,2017,1,1,1,1,NA,1,1,0.5,0,1,1,1,NA,0,0,0,1,0.5,1,12,5.5
Brunei Darussalam,BRN,2019,1,1,1,1,NA,1,1,0.5,1,1,1,1,0,0,0,0,1,0.5,1,13,6.5
Brunei Darussalam,BRN,2022,1,1,0.5,1,NA,1,1,0.5,0.5,1,1,1,1,0.5,1,0,0,1,1,14,8.50
Bulgaria,BGR,2015,1,0.5,0.5,1,0.5,1,0.5,0.5,NA,0.5,1,0,1,0,1,1,1,1,1,13,7
Bulgaria,BGR,2017,1,1,0.5,1,1,1,1,0.5,0,0.5,1,0,1,1,1,0.5,1,1,1,15,8.5
Bulgaria,BGR,2019,1,1,0.5,1,1,1,1,0.5,0,0.5,NA,NA,1,1,1,0.5,1,0.5,1,13.5,7.5
Bulgaria,BGR,2022,1,1,0.5,1,1,1,1,0.5,0,0.5,NR,NR,1,1,1,0.5,1,1,1,14,7.5
Burkina Faso,BFA,2015,0,0,0.5,0,0,1,0.5,0.5,NA,0,0,0.5,0,0,0,NA,0,0,0,3,2.5
Burkina Faso,BFA,2017,1,0,0.5,1,0,1,1,0.5,0,0.5,0,0,0,0,0,0.5,0,0,0,6,3.5
Burkina Faso,BFA,2019,1,0,0.5,1,0,1,1,0.5,0,0.5,0,1,0,0,0,0.5,0,1,0,8,4.5
Burkina Faso,BFA,2022,0,0,0.5,0,0,1,1,0.5,0,0.5,0,1,0,0,0,0.5,0,1,0,6,4.5
Burundi,BDI,2015,1,0,0,0,0,0,0,0,NA,0.5,0,0.5,0,0,0,NA,0,NA,0,2,1
Burundi,BDI,2017,1,0,0,0,0,0,0,0,NA,0.5,0,0.5,0,0,0,0.5,0,0.5,0,3,1.5
Burundi,BDI,2019,1,0,0,1,0,1,0.5,0.5,0,0.5,0,0.5,0,0,0,0.5,0,0.5,0,6,3.5
Burundi,BDI,2022,1,0,0,0,0,1,0.5,0.5,0,0.5,0,0.5,0,0,0,1,0,0.5,0,5.5,4
Cabo Verde,CPV,2015,NA,0.5,NA,NA,0,0,0,0,NA,0.5,0.5,0.5,NA,NA,NA,NA,NA,NA,NA,2,1.5
Cabo Verde,CPV,2017,0.5,0.5,0.5,1,0,0,0,0.5,0,0.5,0.5,0.5,0.5,0,1,1,1,0,1,9,4.5
Cabo Verde,CPV,2019,1,0.5,0,1,0,0,0,0.5,0.5,0.5,1,0,0,0,0,1,1,0,1,8,3.5
Cabo Verde,CPV,2022,0,0.5,0.5,0,0,0,0,0.5,1,0.5,1,0,0,0,0,0.5,1,0.5,1,7,3.5
Cambodia,KHM,2015,0.5,0,1,0,0,0.5,0.5,0.5,NA,0,0,0.5,0,0,0,1,1,0,0,5.5,3
Cambodia,KHM,2017,0.5,0,1,0,0,1,1,0.5,1,0,0,0.5,0,0,0,0.5,0,0,0,6,4.5
Cambodia,KHM,2019,1,0,1,0,0,1,1,0.5,0.5,NA,0,NA,0,0,0,0.5,0,0.5,0,6,3.5
Cambodia,KHM,2022,0.5,0,1,0.5,0,1,1,0.5,0.5,NR,0,NR,0.5,0,0,0.5,0,0.5,0,6.5,4
Cameroon,CMR,2015,1,0,0,0,0,0.5,0.5,0.5,NA,0.5,0,0.5,NA,NA,NA,NA,NA,NA,NA,3.5,2.5
Cameroon,CMR,2017,1,0,0.5,0,0,0.5,0.5,0.5,1,0.5,0,0.5,0,0,0,1,1,0,0,7,4.5
Cameroon,CMR,2019,1,0,0,0,0,0.5,1,0.5,NA,0.5,0,0.5,0,0,0,0.5,0,0,0,4.5,3.5
Cameroon,CMR,2022,1,0,0,0,0,0.5,1,0.5,0,0.5,0,0.5,0,0,0,0.5,0,0,0,4.5,3.5
Canada,CAN,2015,0,1,1,1,0.5,1,1,0.5,NA,0.5,0.5,0.5,1,1,1,0,1,1,1,13.5,7.5
Canada,CAN,2017,0,1,0.5,1,0.5,1,1,0.5,0,1,0,0.5,1,1,1,0.5,1,0.5,1,13,8
Canada,CAN,2019,1,1,1,1,0.5,1,1,0.5,0,0.5,NA,NA,0.5,1,1,0,1,1,1,13,6
Canada,CAN,2022,1,1,1,1,0.5,1,1,0.5,0.5,0.5,NR,NR,0.5,1,1,0,1,1,1,13.5,6.5
Central African Republic,CAF,2015,1,0,0.5,0.5,0,0,0,0,NA,0.5,0.5,0.5,0,0,0,NA,0,0.5,0,4,1.5
Central African Republic,CAF,2017,1,0,0.5,1,NA,0,0,0,NA,0,0,0.5,1,1,1,NA,1,1,0,8,3.5
Central African Republic,CAF,2019,1,0,0.5,1,0,0,0,0,0,0,0,NA,0,0,0,0,0.5,0.5,0,3.5,0
Central African Republic,CAF,2022,1,0,0.5,1,NR,0,0,0,0,0,0,NR,0,0,0,0,0,0.5,0,3,0.00
Chad,TCD,2015,NA,0,0,0,0,1,0.5,1,NA,0.5,0,0,0,0,NA,NA,NA,NA,NA,3,3
Chad,TCD,2017,1,0,0.5,1,0,1,1,1,NA,0.5,0,0.5,0,0,0,0,1,0,0,7.5,4
Chad,TCD,2019,1,0,0,1,0,1,1,1,0.5,0.5,0,1,0,0,0,0,0,0,0,7,5
Chad,TCD,2022,1,0,0,1,0.5,1,1,1,0,0.5,0,1,0,0,0,0.5,NA,0,NR,7.5,5.5
Chile,CHL,2015,1,1,1,1,0.5,1,1,0.5,NA,0.5,0,0.5,1,0,1,1,1,1,1,14,7
Chile,CHL,2017,1,1,0.5,1,1,1,1,0.5,0,0.5,0,0.5,1,0,1,0.5,0,1,1,12.5,7
Chile,CHL,2019,1,1,0.5,1,1,1,1,0.5,0.5,0.5,0,0.5,1,1,1,0.5,1,1,1,15,8.5
Chile,CHL,2022,1,1,0.5,1,1,1,1,0.5,0.5,0.5,0,0.5,1,1,1,0.5,1,1,1,15,8.5
China,CHN,2015,1,0.5,1,1,0,0,0.5,0.5,NA,0.5,1,0.5,NA,0,0,0,1,1,0,8.5,3
China,CHN,2017,1,0.5,1,1,0.5,0,0.5,0.5,1,0.5,1,0.5,1,1,0,0.5,0,1,0,11.5,7
China,CHN,2019,1,0.5,1,1,0.5,0,0.5,0.5,0.5,0.5,0,0,0.5,0,0,0.5,1,1,1,10,3.5
China,CHN,2022,1,0.5,1,1,0.5,0,0.5,0.5,1,0.5,0,0,0.5,0,1,0.5,1,1,0,10.5,5
Colombia,COL,2015,1,1,0.5,1,0,1,0.5,1,NA,0.5,0.5,1,1,1,1,1,1,0.5,0,13.5,8.5
Colombia,COL,2017,1,1,0.5,1,0,1,0.5,1,1,0.5,0,1,NA,1,0,0.5,NA,1,1,12,6.5
Colombia,COL,2019,1,1,0.5,1,1,1,0.5,1,NA,0.5,0.5,0,0.5,1,0,0.5,1,1,1,13,6.5
Colombia,COL,2022,1,1,0.5,1,0.5,1,0.5,1,0.5,0.5,0.5,0,0.5,0,1,0.5,1,1,1,13,6.5
Comoros,COM,2015,0.5,0,0.5,0,0,0.5,0.5,0,NA,0.5,0.5,0.5,0,0,0,NA,0,0,0,3.5,2.5
Comoros,COM,2017,0,0,0.5,0,0,0.5,0.5,0,0,0.5,1,0.5,0,0,0,0.5,0,0.5,0,4.5,3.5
Comoros,COM,2019,0,0,0.5,0,0,0.5,0.5,0,0,0.5,1,0.5,0,0,0,0.5,0,NA,0,4,3.5
Comoros,COM,2022,0,0,0.5,0,0.5,0.5,0.5,0,0,0.5,1,0.5,0,0,0,0.5,0,0,NA,4.5,4
"Congo, Rep.",COG,2015,0,0,0,0,0,1,0.5,0.5,NA,0.5,0,0.5,0,0,0,0,0,0.5,0,3.5,3
"Congo, Rep.",COG,2017,0,0,0.5,0,0,1,0.5,0.5,0,0.5,0,0.5,NA,NA,1,0,1,1,0,6.5,4
"Congo, Rep.",COG,2019,0,0,0,0,0,1,0.5,1,0,0.5,0,0.5,0,0,NA,0,0,0.5,0,4,3.5
"Congo, Rep.",COG,2022,0,0,0,0,0,1,0.5,1,0,0.5,0,0.5,0,0,0,0,0,0.5,0,4,3.5
Cook Islands,COK,2015,NA,0.5,NA,NA,0.5,0.5,0.5,0.5,NA,1,0.5,0.5,NA,NA,NA,NA,NA,NA,NA,4.5,4
Cook Islands,COK,2017,0.5,0.5,0.5,1,0.5,0.5,0.5,0.5,0,NA,NA,NA,0,0,0,0,0,1,1,6.5,2
Cook Islands,COK,2019,1,1,0.5,1,0.5,0.5,0.5,0.5,0,NA,NA,NA,0,0,1,0,1,0.5,1,9,3
Cook Islands,COK,2022,1,1,0.5,1,NR,0.5,0.5,0.5,0,NR,NR,NR,0,0,1,0,0.5,0.5,1,8,2.50
Costa Rica,CRI,2015,1,1,1,1,0.5,1,1,0.5,NA,1,0.5,1,1,1,1,1,1,1,0,15.5,9.5
Costa Rica,CRI,2017,1,1,0.5,1,0.5,1,1,0.5,1,1,1,1,1,1,0,1,1,1,1,16.5,10
Costa Rica,CRI,2019,1,1,0.5,1,0.5,1,1,0.5,1,1,1,1,0.5,0.5,0,0.5,1,1,1,15,8.5
Costa Rica,CRI,2022,1,1,0.5,1,0.5,1,1,0.5,1,1,1,1,0.5,0,1,0.5,1,1,1,15.5,9
C么te d'Ivoire,CIV,2015,NA,0,NA,NA,0,0,0,0,NA,0.5,0.5,0,NA,NA,NA,NA,NA,NA,NA,1,1
C么te d'Ivoire,CIV,2017,1,0,0,1,0,0,0,0,0.5,0,0,0.5,0,0,0,0.5,1,0,0,4.5,1.5
C么te d'Ivoire,CIV,2019,1,0,0.5,1,0,0,0,0,0.5,0.5,0.5,0.5,0,0,0,0.5,0,0.5,0,5.5,2.5
C么te d'Ivoire,CIV,2022,1,0,0.5,1,0,0,0,1,0.5,0.5,0.5,0.5,0,0,0,0.5,0,0.5,0,6.5,3.5
Croatia,HRV,2015,0,1,0.5,0,0.5,0.5,0.5,0.5,NA,0.5,0.5,0,1,0,0,0,0,0,NA,5.5,4
Croatia,HRV,2017,0,1,0.5,0,1,0.5,0.5,0.5,0,0.5,0,0.5,1,0,0,0.5,0,NA,1,7.5,5
Croatia,HRV,2019,0,1,0.5,0,1,0.5,1,0.5,0,0.5,0,0,1,1,0,0.5,1,1,1,10.5,6
Croatia,HRV,2022,0,1,0.5,0,1,0.5,1,0.5,0,0.5,0,0,1,1,1,0.5,1,1,1,11.5,7
Cuba,CUB,2015,1,1,0.5,0,NA,0.5,0.5,0,NA,1,0.5,NA,1,0,0,0,1,0.5,0.5,8,3.5
Cuba,CUB,2017,1,1,0.5,0,0.5,0.5,0.5,0,NA,0.5,0,0,0,0,0,0.5,1,1,0,7,2.5
Cuba,CUB,2019,1,1,0.5,0,0.5,0.5,0.5,0,NA,0.5,0,0,0,0,0,0.5,1,1,1,8,2.5
Cuba,CUB,2022,1,1,0,1,NR,0.5,0.5,0,1,0.5,0,0,0,0,0,0,1,1,1,8.5,2.50
Cyprus,CYP,2015,0,1,0.5,1,0.5,0.5,0.5,0.5,NA,0.5,0.5,0,NA,NA,NA,NA,1,NA,1,7.5,3
Cyprus,CYP,2017,0,0.5,0.5,0,1,0.5,0.5,0.5,0.5,0.5,0,0.5,0.5,1,1,0.5,1,0.5,NA,9.5,7
Cyprus,CYP,2019,0,0.5,0.5,0,0.5,0.5,1,0.5,1,0.5,NA,0,0,1,0,0.5,1,0,NA,7.5,5.5
Cyprus,CYP,2022,0,0.5,NA,0,0.5,0.5,1,0.5,0.5,0.5,NR,0,0,1,0,0.5,1,NA,0,6.5,5
Czech Republic,CZE,2015,1,1,1,1,0.5,0.5,0.5,0.5,NA,0.5,1,0.5,1,0,1,0,1,1,NA,12,6
Czech Republic,CZE,2017,0.5,1,0.5,1,1,0.5,1,0.5,0,0.5,1,0.5,0.5,0,1,0.5,1,1,1,13,7
Czech Republic,CZE,2019,0.5,1,1,1,1,0.5,1,0.5,0.5,0.5,1,0.5,0.5,1,1,0.5,1,1,1,15,8.5
Czech Republic,CZE,2022,1,1,0.5,0.5,1,0.5,1,0.5,0.5,0.5,1,0.5,1,1,1,0.5,1,1,1,15,9
Denmark,DNK,2015,0,1,1,0,0.5,0,0.5,0.5,NA,0.5,0.5,0.5,1,1,1,1,1,1,NA,11,7
Denmark,DNK,2017,0,1,0.5,1,0.5,0,1,0.5,1,0,0,0.5,1,1,1,0.5,1,1,1,12.5,7
Denmark,DNK,2019,0,1,0.5,1,0.5,0,1,0.5,0.5,0.5,0,0.5,1,1,1,0.5,1,1,1,12.5,7
Denmark,DNK,2022,0,1,0.5,1,1,0,1,0.5,0.5,0.5,0,0.5,1,1,1,0.5,1,1,1,13,7.5
Djibouti,DJI,2015,NA,0,NA,NA,0,0.5,1,1,NA,NA,NA,NA,NA,NA,NA,NA,NA,NA,NA,2.5,2.5
Djibouti,DJI,2017,0,0,0,0,0,0.5,1,1,NA,0.5,1,1,0,0,0,0.5,0,0,0,5.5,5.5
Djibouti,DJI,2019,0,0,0,0,NA,0.5,1,1,0,0.5,1,1,0,0,0,0.5,0,0,0,5.5,5.5
Djibouti,DJI,2022,0,0,0,0,NR,0.5,1,1,0,0.5,1,1,0,0,0,0.5,0,0,0,5.5,5.50
Dominica,DMA,2015,0,1,0.5,0,0,0,0,0,NA,0.5,0,0.5,0,0,1,0,1,0.5,NA,5,2
Dominica,DMA,2017,1,1,0.5,0,0,0,0,0,NA,0.5,0,0.5,0,0,1,0,1,0.5,0,6,2
Dominica,DMA,2019,0,1,0,0,0,0,0,0,0.5,0.5,0,0.5,0,0,0,0,1,0.5,1,5,1.5
Dominica,DMA,2022,0,1,0,0,0,0,0,0,0,0.5,0,0.5,0,0,0,0,0,0.5,0,2.5,1
Dominican Republic,DOM,2015,1,0.5,0.5,1,0,0,0,0,NA,0.5,0,0.5,0,0,0,1,1,0,1,7,2
Dominican Republic,DOM,2017,1,0.5,0.5,1,0.5,0.5,0,0,0,0.5,0,1,0,0,0,1,1,1,0.5,9,3.5
Dominican Republic,DOM,2019,1,0.5,0.5,1,0.5,0.5,0,0,0,0.5,0,0.5,0,0,0,1,0.5,1,0.5,8,3
Dominican Republic,DOM,2022,1,0.5,0.5,1,0,0.5,0,0,0,0.5,0,0.5,0,0,0,0.5,0.5,1,0,6.5,2
DPR of Korea,PRK,2015,1,0,0.5,1,0,0.5,0,0,NA,NA,NA,NA,0,0,0,NA,1,0.5,0,4.5,0.5
DPR of Korea,PRK,2017,1,0,0.5,1,0,0.5,0,0,1,NA,NA,NA,0,NA,NA,0,0,NA,0,4,1.5
DPR of Korea,PRK,2019,1,0,1,1,0,0.5,0,0,NA,NA,NA,NA,0,0,0,0,1,NA,0,4.5,0.5
DPR of Korea,PRK,2022,1,0,1,1,0,0.5,0,0,0.5,NA,NA,NA,0,0,0,0,1,0.5,1,6.5,1
DR Congo,COD,2015,NA,0,NA,NA,0,0.5,0.5,0.5,NA,0.5,0.5,1,NA,NA,NA,NA,NA,NA,NA,3.5,3.5
DR Congo,COD,2017,0,0,0,0,0,0.5,0.5,0.5,0,0.5,0,1,0,0,0,0.5,0,NA,0,3.5,3.5
DR Congo,COD,2019,0.5,0,0,1,0,0.5,0.5,1,0,0.5,0,1,0,NA,0,0.5,0,NA,0,5.5,4
DR Congo,COD,2022,0.5,0,0,0,0.5,0.5,0.5,1,0,0.5,0.5,1,0,0,0,0.5,0,0,0,5.5,5
Ecuador,ECU,2015,0,0.5,1,1,0.5,1,1,0.5,NA,0.5,0.5,1,1,1,0,1,1,0.5,0,12,8
Ecuador,ECU,2017,0,0.5,0.5,1,0.5,1,1,0.5,0,1,0.5,0.5,0.5,1,1,0.5,0,0.5,0,10.5,8
Ecuador,ECU,2019,0,0.5,1,0,0.5,1,1,0.5,0,0.5,NA,0.5,1,0.5,1,0.5,1,0.5,0,10,7
Ecuador,ECU,2022,0.5,0.5,1,0,0.5,1,1,0.5,0,0.5,NR,0.5,0.5,0.5,1,0.5,0.5,0.5,0,9.5,6.5
Egypt,EGY,2015,0.5,0.5,0.5,0,1,0.5,1,0.5,NA,0.5,1,0.5,0,0,0,0,0,0,0,6.5,5
Egypt,EGY,2017,1,0.5,0.5,0.5,0.5,0.5,1,0.5,0,1,1,0.5,0.5,0,0,0.5,0,0.5,0,9,6
Egypt,EGY,2019,1,0.5,1,1,1,1,1,0.5,0,0.5,1,1,0.5,0,0,0.5,1,0.5,0,12,7
Egypt,EGY,2022,1,0.5,1,1,1,1,1,0.5,0.5,0.5,1,1,0,0,0,0.5,0,1,NR,11.5,7
El Salvador,SLV,2015,0,0.5,1,0,0,0,1,0.5,NA,0.5,0,0.5,0,0,0,1,1,0.5,0,6.5,3.5
El Salvador,SLV,2017,0,0.5,1,1,0.5,1,1,0.5,1,0.5,0,0.5,0,0,0,0.5,0,1,0,9,5.5
El Salvador,SLV,2019,1,0.5,1,1,0,1,1,0.5,1,0.5,0,0,0,0,0,0.5,1,1,0,10,4.5
El Salvador,SLV,2022,1,0.5,0.5,1,0,1,1,0.5,1,0.5,0,0,0.5,0,1,0.5,0,1,1,11,6
Equatorial Guinea,GNQ,2015,NA,0,NA,NA,0,0,0,0,NA,0.5,0.5,1,NA,NA,NA,NA,NA,NA,NA,2,2
Equatorial Guinea,GNQ,2017,0,0,0,0,0.5,0,0,0,NA,0.5,0,0,0,0,0,NA,0,NA,0,1,1
Equatorial Guinea,GNQ,2019,0,0,0,0,0,0,0,0,NA,0.5,0,0,0,0,0,0,0,0,0,0.5,0.5
Equatorial Guinea,GNQ,2022,0.5,0,0,0,0,0,0,0,0,0.5,0,0,0,0,0,0,0,0,0,1,0.5
Eritrea,ERI,2015,NA,0,1,1,0,0,0.5,1,NA,0.5,0.5,0.5,0,0,NA,NA,1,NA,0,6,3
Eritrea,ERI,2017,0.5,0,0.5,0,0.5,0,0.5,1,NA,0.5,0,0,0,0,0,0,0,0,0,3.5,2.5
Eritrea,ERI,2019,1,0,0.5,1,0.5,0,0.5,1,0,0.5,0,0,0,0,0,0,0,0,0,5,2.5
Eritrea,ERI,2022,1,0,0,1,NR,0,0.5,1,0,0.5,0,0,0,0,0,0,0,0,0,4,2.00
Estonia,EST,2015,0.5,1,1,0.5,0.5,0,0.5,0.5,NA,0.5,0.5,0.5,0,0,0,0,1,1,0,8,3
Estonia,EST,2017,1,1,0.5,0.5,1,0,1,0.5,1,0.5,0.5,0.5,1,1,1,0.5,1,1,1,14.5,8.5
Estonia,EST,2019,1,1,0.5,0.5,1,0,1,0.5,1,0.5,1,1,0.5,1,1,0.5,1,1,1,15,9
Estonia,EST,2022,1,1,0.5,1,1,0,1,0.5,1,0.5,1,1,0.5,1,1,0.5,1,1,1,15.5,9
Eswatini,SWZ,2015,NA,0,1,0,0,0,0.5,0.5,NA,1,0,0,0,0,0,NA,1,NA,0,4,2
Eswatini,SWZ,2017,1,0,0.5,1,0,0,0.5,0.5,NA,0.5,0,1,0.5,1,1,0,1,1,0,9.5,5
Eswatini,SWZ,2019,0.5,0,1,1,0.5,0,0.5,0.5,0,1,0,1,0,0,0,0,0,0,0,6,3.5
Eswatini,SWZ,2022,1,0,0.5,0,0.5,0,0.5,0.5,0,1,0,1,0,0,0,0,1,0.5,0,6.5,3.5
Ethiopia,ETH,2015,NA,0,1,0,0,0,0.5,0.5,NA,0.5,0,0.5,0,0,0,NA,NA,0,NA,3,2
Ethiopia,ETH,2017,1,0,0.5,0,0,0.5,0.5,0.5,0.5,0.5,0.5,0.5,0,0,0,0,0,1,0,6,3.5
Ethiopia,ETH,2019,1,0,1,1,0,0.5,0.5,0.5,0.5,0.5,0.5,0,0,0,0,0.5,1,1,0,8.5,3.5
Ethiopia,ETH,2022,1,0,0.5,1,0.5,1,1,1,1,0.5,0.5,0,0,0,0,0.5,0,1,0,9.5,6
Fiji,FJI,2015,1,0.5,1,0.5,0,0.5,1,0.5,NA,0.5,0,0.5,1,0,1,1,1,0.5,0,10.5,6
Fiji,FJI,2017,1,1,0.5,0.5,0,0.5,1,0.5,1,NA,NA,NA,0,0,0,1,1,0.5,0.5,9,4
Fiji,FJI,2019,1,0.5,0.5,0.5,0,0.5,1,0.5,1,NA,NA,NA,0.5,0,0,0.5,1,0.5,0,8,4
Fiji,FJI,2022,1,0.5,0.5,1,0,0.5,1,0.5,0.5,NR,NR,NR,0.5,0,0,1,0,1,1,9,4
Finland,FIN,2015,0.5,1,1,1,0.5,0,0.5,0.5,NA,0.5,1,0.5,1,1,NA,NA,NA,1,1,11,5.5
Finland,FIN,2017,0,1,1,1,1,0,1,0.5,NA,0.5,1,0.5,1,1,1,0.5,1,1,1,14,8
Finland,FIN,2019,1,1,1,1,1,0,1,0.5,0.5,0.5,1,0.5,1,1,1,0.5,1,1,1,15.5,8.5
Finland,FIN,2022,1,1,1,1,1,0,1,1,0.5,0.5,1,0.5,1,1,1,0.5,1,1,1,16,9
France,FRA,2015,0,1,0.5,1,0.5,0.5,0.5,0.5,NA,0.5,1,1,1,1,1,1,1,NA,NA,12,8.5
France,FRA,2017,NA,1,0.5,1,1,0.5,1,0.5,NA,0.5,1,0.5,1,1,1,0.5,1,1,NA,13,8.5
France,FRA,2019,0.5,1,0.5,1,1,0.5,1,0.5,1,0.5,1,0.5,1,1,1,0.5,1,1,1,15.5,9.5
France,FRA,2022,0.5,1,0.5,0,1,0.5,1,0.5,1,0.5,1,0.5,1,1,1,0.5,1,1,1,14.5,9.5
Gabon,GAB,2015,NA,0,NA,NA,0,0.5,0.5,0.5,NA,0.5,0,0.5,NA,NA,NA,NA,NA,NA,NA,2.5,2.5
Gabon,GAB,2017,1,0,0.5,0,0,0.5,0.5,0.5,0,0,0,0.5,0,0,0,1,0,0,0,4.5,3
Gabon,GAB,2019,1,0,0,0,0,0.5,0.5,0.5,0,0,0,0.5,0,0,0,1,0,0,0,4,3
Gabon,GAB,2022,1,0,0,0,0,0.5,0.5,0.5,0,0,0,0.5,0,0,0,0.5,0,0,0,3.5,2.5
Gambia,GMB,2015,NA,0,0.5,0,0,0,0.5,0.5,NA,0.5,0,1,0,NA,0,NA,1,0,0,4,2.5
Gambia,GMB,2017,0.5,0,0.5,0,0.5,0,0.5,0.5,0,0.5,0,0.5,0,0,0,1,0,0,NA,4.5,3.5
Gambia,GMB,2019,0.5,0,0.5,0,0,1,0.5,1,0.5,0.5,0,0.5,0,0,0,1,0,0,0,6,5
Gambia,GMB,2022,0,0,0,0,0,1,1,1,0.5,0.5,0,0.5,0,0,0,1,1,0,0,6.5,5.5
Georgia,GEO,2015,0,0.5,0.5,0,0,0.5,0.5,0,NA,0.5,0.5,0.5,0,0,0,0,0,1,0,4.5,2.5
Georgia,GEO,2017,1,0.5,1,1,0.5,0.5,0.5,0,0.5,0.5,1,0.5,0.5,1,1,1,1,1,0.5,13.5,7.5
Georgia,GEO,2019,1,0.5,1,1,0.5,0.5,1,0.5,1,0.5,1,0.5,0.5,0.5,1,1,1,1,0.5,14.5,8.5
Georgia,GEO,2022,0,0.5,1,0,1,0.5,1,0.5,1,0.5,1,0.5,0.5,1,0,0.5,1,1,1,12.5,8
Germany,DEU,2015,0.5,1,1,0,0.5,0,0.5,0.5,NA,0.5,0.5,0.5,0,1,1,1,1,1,1,11.5,6
Germany,DEU,2017,0.5,1,0.5,1,0.5,0,1,0.5,0.5,0,0,0,0,1,1,0.5,1,1,1,11,5
Germany,DEU,2019,0.5,1,0.5,1,0.5,0,1,0.5,1,0,0,0,1,1,1,0.5,1,1,1,12.5,6.5
Germany,DEU,2022,0.5,1,0.5,1,0.5,0,1,0.5,1,0,0,0,1,1,1,0.5,1,1,1,12.5,6.5
Ghana,GHA,2015,NA,0,0.5,1,0,0,0.5,1,NA,0.5,0,0.5,0,NA,NA,NA,1,0,NA,5,2.5
Ghana,GHA,2017,0,0,0.5,1,0,0.5,0.5,1,0,0.5,1,1,0,0,0,1,1,1,0,9,5.5
Ghana,GHA,2019,0,0,0.5,0,0,0.5,0.5,1,0.5,0,0,NA,0,0,0,1,0,1,NA,5,3.5
Ghana,GHA,2022,0,0,0.5,0,0,0,1,1,1,0,0,NR,0,0,0,1,0,1,0,5.5,4
Greece,GRC,2015,0,0.5,0.5,0,0.5,1,0.5,0.5,NA,0.5,0,0,1,1,0,1,1,0,NA,8,6
Greece,GRC,2017,0,1,0.5,0,1,1,1,0.5,0,0.5,0,0.5,1,1,0,0.5,0,0.5,NA,9,7
Greece,GRC,2019,0,1,1,0,1,1,1,0.5,0,0.5,0,0.5,0.5,1,0,0.5,1,1,NA,10.5,6.5
Greece,GRC,2022,0,1,0.5,0.5,1,1,1,0.5,0,0.5,0,0.5,0.5,1,1,0.5,1,1,NA,11.5,7.5
Grenada,GRD,2015,0,1,0.5,0,0,0,0,0,NA,0.5,0,0.5,0,0,0,0,1,0.5,0,4,1
Grenada,GRD,2017,1,1,0.5,1,0,0,0,0,0,0.5,0,0.5,0,0,0,0,0,0.5,0,5,1
Grenada,GRD,2019,1,1,0.5,0,0,0,0,0,0,0.5,0,0.5,0,0,0,0,1,0,0,4.5,1
Grenada,GRD,2022,0,1,0,0,NR,0,0,0,0,0.5,0,0.5,0,NA,0,0,0,0.5,0,2.5,1.00
Guatemala,GTM,2015,1,0.5,0.5,1,0,1,0,0,NA,0.5,0,0,0,0,0,1,0,1,0,6.5,2.5
Guatemala,GTM,2017,1,1,0.5,1,0,1,0,0,0,0.5,0,0.5,0,0,0,1,1,1,0,8.5,3
Guatemala,GTM,2019,1,1,1,1,0,1,0,0,NA,0.5,0,1,0.5,0,0,0.5,1,1,0,9.5,3.5
Guatemala,GTM,2022,1,1,0.5,0,0,1,0,0,0.5,0.5,0,1,0.5,0,0,0.5,0.5,1,0,8,4
Guinea,GIN,2015,0,0,0.5,1,NA,0.5,0.5,1,NA,0.5,0.5,0.5,0,0,0,NA,0,0,0,5,3.5
Guinea,GIN,2017,0,0,0.5,0,0,0.5,0.5,1,0,0.5,0,0,0,0,0,0.5,0,0.5,0,4,3
Guinea,GIN,2019,0,0,0,0,NA,0.5,0.5,1,0,0.5,1,1,0,0,0,0,0,0.5,0,5,4.5
Guinea,GIN,2022,0,0,0,1,0,0.5,0.5,1,0,0.5,1,1,0,0,0,0,0,0.5,0,6,4.5
Guinea-Bissau,GNB,2015,NA,0,NA,NA,0,0,0,0,NA,0.5,0,0.5,NA,NA,NA,NA,NA,NA,NA,1,1
Guinea-Bissau,GNB,2017,0,0,0,0,0,0,0,0,0,0.5,0,0,0,0,0,0.5,NA,0,0,1,1
Guinea-Bissau,GNB,2019,0,0,0,0,0,0,0,0,0,0.5,0,0,0,0,0,0.5,0,0,0,1,1
Guinea-Bissau,GNB,2022,0,0,0,0,NR,0,0,0,0,0.5,0,0,0,0,0,0.5,0,0,NR,1,1.00
Guyana,GUY,2015,0,0.5,0,1,0,0.5,0,0,NA,0.5,0.5,0.5,0,0,0,1,1,0,0,5.5,3
Guyana,GUY,2017,1,1,0.5,1,0,0.5,0,0,0,0.5,0,0.5,0,0,0,0,1,0.5,0,6.5,1.5
Guyana,GUY,2019,1,1,0.5,1,0,1,1,1,0,0.5,0,0.5,0,0,0,0,1,0.5,0,9,4
Guyana,GUY,2022,1,1,0.5,1,0,1,1,1,1,0.5,0,0.5,0,0,0,0,0,0.5,0,9,5
Haiti,HTI,2015,0,0,0,0,NA,0,0,0,NA,NA,NA,NA,0,0,0,0,0,0,NA,0,0
Haiti,HTI,2017,0,0,0,0,0,0,0,0,0,NA,NA,NA,0,0,0,0,0,1,0,1,0
Haiti,HTI,2019,0,0,0.5,0,NA,0,0,0,0,NA,NA,NA,0,0,0,0,0,1,0,1.5,0
Haiti,HTI,2022,0,0,0.5,0,NR,0,0,0,0,NR,NR,NR,0,0,0,0,0,1,0,1.5,0.00
Honduras,HND,2015,0,0.5,0.5,0,0,1,0.5,0.5,NA,0.5,0,1,0,0,0,1,1,0,0,6.5,4.5
Honduras,HND,2017,1,0.5,0.5,0,0,1,0.5,0.5,1,0.5,0,1,0,0,0,0.5,1,0.5,0,8.5,5
Honduras,HND,2019,1,0.5,0,0,0,1,1,0.5,0.5,1,0,1,0,0,0,0.5,1,0.5,0,8.5,5.5
Honduras,HND,2022,1,0.5,0.5,0,0,1,1,0.5,0,1,0,1,0,0,0,0.5,0,0.5,0,7.5,5
Hungary,HUN,2015,1,1,0.5,1,0.5,0.5,0.5,0.5,NA,0.5,1,0,1,1,NA,NA,1,0,1,11,5.5
Hungary,HUN,2017,0,1,0.5,1,0.5,0.5,1,0.5,0,0.5,0.5,0.5,0.5,1,1,0.5,1,1,1,12.5,7
Hungary,HUN,2019,0,1,0.5,0,0.5,0.5,1,0.5,0,NA,NA,0,0.5,1,1,0.5,1,1,0.5,9.5,5.5
Hungary,HUN,2022,0,1,0.5,0,0.5,0.5,1,0.5,0,NR,NR,0,0.5,1,1,0.5,1,1,1,10,5.5
Iceland,ISL,2015,0,1,1,0,0,0,0.5,0.5,NA,0.5,0.5,1,0,1,1,1,1,0.5,NA,9.5,6
Iceland,ISL,2017,0,1,0.5,0,0.5,0,0.5,0.5,0,0.5,0.5,0.5,0,1,1,0.5,1,1,NA,9,5.5
Iceland,ISL,2019,0,1,0.5,0,0.5,0,0.5,0.5,0,1,1,1,0.5,1,1,0.5,1,1,1,12,7.5
Iceland,ISL,2022,0,1,0.5,0,0.5,0,0.5,1,0,1,1,1,1,1,1,0.5,0.5,1,1,12.5,8.5
India,IND,2015,1,0.5,0.5,1,0,0.5,0,0.5,NA,0.5,0.5,0.5,1,1,1,1,1,1,0,11.5,6.5
India,IND,2017,1,0.5,0.5,0,0,0.5,1,0.5,0.5,0.5,0,0,0.5,1,0,1,1,1,0.5,10,5.5
India,IND,2019,1,0.5,0.5,1,0.5,0.5,1,0.5,0.5,0.5,NA,NA,1,1,1,1,1,1,1,13.5,7.5
India,IND,2022,1,0.5,0.5,1,0.5,0.5,1,0.5,0.5,0.5,NR,NR,0.5,0,1,1,1,1,NA,11,6
Indonesia,IDN,2015,0.5,0,0.5,0,0,0.5,0.5,0,NA,0.5,1,0.5,0,NA,0,1,1,1,0,7,4
Indonesia,IDN,2017,1,0,0.5,1,0.5,0.5,0.5,0,1,0.5,0.5,0,0,0,0,0.5,1,1,0,8.5,4
Indonesia,IDN,2019,1,0,0.5,1,0.5,0.5,0.5,0,1,0.5,1,1,0,0,0,0.5,1,1,0,10,5.5
Indonesia,IDN,2022,0,0,0.5,0,0.5,0.5,0.5,0,1,0.5,1,1,0.5,0,0,0.5,0,1,0,7.5,6
Iran,IRN,2015,1,0.5,0.5,0,0,1,1,1,NA,1,1,1,1,1,1,1,1,NA,0,13,10
Iran,IRN,2017,1,0.5,1,1,0,1,1,1,0.5,1,1,1,1,1,1,0.5,1,1,1,16.5,10
Iran,IRN,2019,1,0.5,1,1,0,1,1,1,0.5,1,1,1,1,1,1,0.5,0.5,1,1,16,10
Iran,IRN,2022,1,0.5,1,1,0,1,1,1,0.5,1,1,1,1,1,1,0.5,0,1,1,,
Iraq,IRQ,2015,1,0.5,0.5,0.5,0,0.5,0.5,0.5,NA,0.5,0.5,0,0,NA,0,NA,1,0.5,0,6.5,2.5
Iraq,IRQ,2017,1,0.5,0.5,1,0.5,0.5,0.5,0.5,0.5,1,0.5,0.5,0.5,1,0,0.5,1,1,0,11.5,6.5
Iraq,IRQ,2019,1,0.5,0.5,1,0,0.5,0.5,0.5,1,0.5,NA,0.5,0.5,NA,0,0.5,1,0.5,0.5,9.5,4.5
Iraq,IRQ,2022,1,0.5,0.5,1,0,0.5,0.5,1,0.5,0.5,NR,0.5,0.5,0.5,0,0.5,1,0.5,0.5,10,5
Ireland,IRL,2015,0,1,0.5,0,0.5,1,0.5,0.5,NA,1,0.5,0.5,1,1,1,0,1,1,NA,11,7.5
Ireland,IRL,2017,0,1,0.5,0,1,1,1,0.5,1,1,0,0.5,1,0,1,0.5,1,1,1,13,8.5
Ireland,IRL,2019,0.5,1,0.5,1,1,1,1,0.5,1,0.5,0,0.5,1,1,1,0.5,1,1,1,15,9
Ireland,IRL,2022,0.5,1,0.5,1,1,1,1,0.5,1,0.5,0,0.5,0.5,1,1,0.5,1,1,1,14.5,8.5
Israel,ISR,2015,0,1,1,0,0.5,0,0.5,0,NA,0.5,1,1,1,1,1,1,1,0.5,NA,11,7.5
Israel,ISR,2017,0,1,0.5,1,1,0.5,0.5,0,0,0.5,0.5,1,1,1,1,0.5,1,1,1,13,7.5
Israel,ISR,2019,0,1,0.5,1,1,0.5,0.5,0,0,0.5,1,0.5,1,1,1,0,1,0,1,11.5,7
Israel,ISR,2022,0,1,0.5,1,1,0.5,1,0,0,0.5,1,0.5,1,1,1,0,1,0,1,12,7.5
Italy,ITA,2015,0.5,1,1,1,0.5,0.5,0.5,0.5,NA,0.5,1,0,1,NA,1,NA,1,0.5,NA,10.5,5.5
Italy,ITA,2017,0.5,1,0.5,1,1,0.5,1,0.5,1,0.5,0.5,0.5,1,1,1,0.5,1,0.5,0,13.5,9
Italy,ITA,2019,0.5,1,0.5,1,1,0.5,1,0.5,1,0.5,0.5,0,1,1,1,0.5,1,0.5,0,13,8.5
Italy,ITA,2022,0,1,1,1,1,0,1,0.5,0,0.5,0.5,0,1,1,1,0.5,1,0.5,0,11.5,7
Jamaica,JAM,2015,1,0.5,0.5,1,0,1,1,0,NA,0.5,0,0.5,1,1,1,0,1,1,0,11,6
Jamaica,JAM,2017,1,0.5,0.5,1,0,1,1,0,NA,0.5,0,0.5,1,1,0,0,1,1,0,10,5
Jamaica,JAM,2019,0,1,0.5,0,0,1,1,0,NA,0.5,0,1,0.5,0.5,0,0,1,0.5,0,7.5,4.5
Jamaica,JAM,2022,0,1,0.5,0,0,1,1,0,0,0.5,0,1,0.5,0.5,0,0,1,1,0,8,4.5
Japan,JPN,2015,1,1,1,1,0.5,0,0.5,0,NA,0.5,0,0.5,NA,NA,0,0,1,NA,NA,7,2
Japan,JPN,2017,1,1,1,1,0.5,0,0.5,0,0,0.5,0,0.5,0.5,0,0,0,1,NA,NA,7.5,2.5
Japan,JPN,2019,1,1,1,1,0.5,0.5,0.5,0,0.5,0.5,0,0.5,0,0,0,0,NA,NA,NA,7,3
Japan,JPN,2022,1,1,1,1,0.5,0.5,0.5,0,1,0.5,0,0.5,0.5,0,0,0,0,0.5,NA,8.5,4
Jordan,JOR,2015,0,0.5,1,0.5,0.5,0.5,0.5,0.5,NA,0.5,0.5,0.5,NA,0,0,1,1,0.5,0.5,8.5,4.5
Jordan,JOR,2017,0.5,0.5,0.5,0.5,1,0.5,0.5,0.5,1,0.5,1,0.5,1,1,1,0.5,1,0.5,1,13.5,9
Jordan,JOR,2019,1,0.5,0.5,0,1,0.5,0.5,0.5,1,0.5,1,0.5,0.5,0.5,0,0.5,0,0.5,0,9.5,7
Jordan,JOR,2022,1,0.5,0.5,0,1,1,0.5,1,0.5,0.5,1,0.5,0.5,0.5,0,0.5,0,0.5,0,10,7.5
Kazakhstan,KAZ,2015,0.5,1,0.5,1,0,0.5,0.5,0.5,NA,0.5,0.5,0.5,1,0,0,0,1,1,0.5,9.5,4
Kazakhstan,KAZ,2017,0,1,0,1,0,0.5,1,0.5,0.5,0.5,1,0.5,0,NA,NA,0.5,0,1,1,9,5
Kazakhstan,KAZ,2019,1,1,1,1,0.5,0.5,1,0.5,NA,0.5,1,0.5,1,1,1,0.5,1,1,1,15,8
Kazakhstan,KAZ,2022,1,1,0.5,1,0.5,0.5,1,0.5,1,0.5,1,0.5,0,0.5,0,0.5,1,1,1,13,6.5
Kenya,KEN,2015,1,0,0.5,1,0,0,0.5,1,NA,0.5,0.5,0.5,0,0,0,NA,1,1,0,7.5,3
Kenya,KEN,2017,1,0,1,1,0.5,0,0.5,1,1,0.5,0.5,0.5,0,0,0,1,0,0.5,0,9,5.5
Kenya,KEN,2019,1,0,1,1,0.5,0,0.5,1,0,0.5,0,1,0,0.5,0,0.5,0,1,0,8.5,4.5
Kenya,KEN,2022,1,0,0.5,1,0,0,0.5,1,0,0.5,0,1,0,0.5,0,0.5,0,1,0,7.5,4
Kiribati,KIR,2015,0.5,0.5,0,1,1,0.5,0.5,1,NA,0.5,0,0,NA,0,NA,NA,1,NA,NA,6.5,3.5
Kiribati,KIR,2017,0.5,0.5,1,0,0,0.5,0.5,1,1,0.5,0,0.5,0,0,0,0,1,0.5,NA,7.5,4
Kiribati,KIR,2019,0.5,1,0.5,1,0,0.5,0.5,1,0,0.5,0,0.5,0,0,1,0,0.5,0.5,1,9,4
Kiribati,KIR,2022,1,1,0.5,0.5,0,0.5,0.5,1,0,0.5,0,0.5,0.5,0,1,0.5,0,0.5,0,8.5,5
"Korea, Rep.",KOR,2015,1,1,1,0.5,0.5,0,0.5,0,NA,0.5,0,0.5,1,NA,1,0,1,1,0,9.5,4
"Korea, Rep.",KOR,2017,1,1,1,0.5,0.5,0.5,0.5,0,1,0.5,0,0.5,1,1,1,0.5,1,0.5,1,13,7
"Korea, Rep.",KOR,2019,1,1,1,0.5,0.5,0,0.5,0,1,0.5,1,0.5,1,0.5,1,0.5,1,0.5,1,13,7
"Korea, Rep.",KOR,2022,NA,1,0.5,1,0.5,0,0.5,0,1,0.5,1,0.5,0.5,0,1,0.5,NA,0.5,NA,9,6
Kuwait,KWT,2015,0,1,0.5,0,0,0.5,0.5,0.5,NA,NA,NA,NA,1,1,0,1,1,1,1,9,4.5
Kuwait,KWT,2017,1,0.5,0.5,1,0,0.5,0.5,1,0,NA,NA,NA,0.5,1,0,1,1,1,1,10.5,4.5
Kuwait,KWT,2019,1,0.5,0.5,1,0,0.5,0.5,1,0,NA,NA,NA,1,1,0,1,0.5,1,1,10.5,5
Kuwait,KWT,2022,1,1,0.5,1,0,0.5,0.5,1,0.5,NR,NR,NR,0.5,1,1,1,1,1,1,12.5,6
Kyrgyz Republic,KGZ,2015,0.5,1,0.5,1,0,0.5,0.5,0.5,NA,0.5,1,0,1,0,1,1,1,1,0,11,6
Kyrgyz Republic,KGZ,2017,1,1,0.5,1,0,0.5,1,0.5,NA,NA,NA,NA,1,1,0,0.5,0,1,0,9,4.5
Kyrgyz Republic,KGZ,2019,1,1,0.5,1,0,0.5,1,0.5,0,0.5,1,1,0,1,0,0.5,1,1,0,11.5,6
Kyrgyz Republic,KGZ,2022,1,1,0.5,1,0.5,0.5,1,0.5,0,0.5,1,1,0.5,1,0,0.5,1,1,0,12.5,7
Lao PDR,LAO,2015,0.5,0,1,0,0,0.5,0.5,0.5,NA,0.5,0,0,0,0,0,0,0,0,0,3.5,2
Lao PDR,LAO,2017,0.5,0,0.5,1,0,1,1,0.5,NA,0.5,1,0.5,0,0,0,0.5,0,1,0,8,5
Lao PDR,LAO,2019,0.5,0,0.5,1,0,1,1,0.5,NA,0.5,0,0,0,0,0,0.5,0,1,0,6.5,3.5
Lao PDR,LAO,2022,0.5,0,0.5,1,0,1,1,0.5,0,0,0,0,0,0,0,0.5,0,0.5,0,5.5,3
Latvia,LVA,2015,0.5,1,0.5,1,0.5,0.5,0.5,0.5,NA,0.5,0.5,0.5,1,1,1,1,1,0.5,1,13,7.5
Latvia,LVA,2017,1,1,0.5,1,1,0.5,1,0.5,0.5,0.5,1,0.5,0.5,1,1,0.5,1,1,1,15,8.5
Latvia,LVA,2019,1,1,0.5,1,1,0.5,1,0.5,0,0.5,1,0.5,0.5,1,1,0.5,1,0.5,1,14,8
Latvia,LVA,2022,1,1,0.5,0,1,0.5,1,0.5,1,0.5,1,0.5,0.5,1,1,0.5,1,1,1,14.5,9
Lebanon,LBN,2015,0,0,0.5,0.5,0,1,0.5,0.5,NA,NA,NA,NA,0,0,0,1,0,1,0,5,3
Lebanon,LBN,2017,0,0,0.5,0.5,0,1,0.5,0.5,0,0.5,0,0.5,0,0,0,1,1,1,1,8,4
Lebanon,LBN,2019,0,0,0.5,0.5,0,1,0.5,0.5,0.5,0.5,0,0,0,0,0,1,0,1,1,7,4
Lebanon,LBN,2022,0,0.5,0.5,0.5,0,1,0.5,0.5,0,0.5,0,0,0,0,0,1,0,1,1,7,3.5
Lesotho,LSO,2015,NA,0,0.5,1,0,0,0,0,NA,1,0,0.5,0,0,0,0,NA,0,0,3,1.5
Lesotho,LSO,2017,1,0,1,1,NA,0,0,0,NA,0.5,0,0,1,0,0,0,0,0.5,0,5,1.5
Lesotho,LSO,2019,1,0,0.5,1,0.5,0,0,0,0.5,0.5,0,0,0,0,0,0,0,1,0,5,1.5
Lesotho,LSO,2022,0,0,0.5,0,0.5,0,0,0,0,0.5,0,0,0,0,0,0,NR,1,NR,2.5,1
Liberia,LBR,2015,NA,0,NA,NA,0,0,0,0,NA,0.5,0,0.5,NA,NA,NA,NA,NA,NA,NA,1,1
Liberia,LBR,2017,1,0,0.5,0,0,0,0,0,NA,0.5,0,0,0,0,0,0,0,NA,0,2,0.5
Liberia,LBR,2019,1,0,0.5,0,0,0,0,0,0,0.5,1,1,0,0,0,0,0,0.5,0,4.5,2.5
Liberia,LBR,2022,1,0,0.5,0,0.5,0,0,0,0.5,0.5,1,1,NA,NA,0,0,NA,0.5,0,5.5,3.5
Libya,LBY,2015,0,0,0.5,0,0,1,0,1,NA,1,1,1,0,0,0,NA,0,0,0,5.5,5
Libya,LBY,2017,0,0,0.5,0,0,1,0,1,0,1,1,1,0,0,0,0,0,NA,0,5.5,5
Libya,LBY,2019,0,0,0,0,0,1,0,1,0,1,1,1,0,0,0,0,0,0.5,0,5.5,5
Libya,LBY,2022,0,0.5,0,0,0,1,0,1,0,1,1,1,0,0,0,0,0,0.5,0,6,5
Lithuania,LTU,2015,1,1,1,1,0.5,0.5,0.5,0.5,NA,0.5,0.5,0.5,0,1,1,1,1,1,NA,12.5,6.5
Lithuania,LTU,2017,1,1,0.5,1,1,0.5,1,0.5,0,0.5,1,0.5,1,1,1,0.5,0,1,1,14,8.5
Lithuania,LTU,2019,1,1,0.5,1,0.5,0.5,1,0.5,0,0.5,1,1,1,1,1,0.5,1,1,1,15,8.5
Lithuania,LTU,2022,1,1,0.5,1,0.5,0.5,1,0.5,0,0.5,1,1,1,1,1,0.5,1,1,1,15,8.5
Luxembourg,LUX,2015,NA,1,NA,NA,0.5,0.5,0.5,0.5,NA,0.5,0,0.5,NA,NA,NA,NA,NA,NA,NA,4,3
Luxembourg,LUX,2017,0,1,0.5,0,0.5,0,0.5,0.5,0.5,0.5,0,0.5,0,0,0,0.5,1,0,NA,6,3.5
Luxembourg,LUX,2019,0,1,1,0,0.5,0.5,1,0.5,1,0.5,NA,0.5,0,1,0,0.5,1,0.5,NA,9.5,6
Luxembourg,LUX,2022,0,1,1,0,0.5,0.5,1,0.5,0,0.5,NR,0.5,0,1,1,0.5,1,1,1,11,6
Madagascar,MDG,2015,1,0,0.5,1,0.5,1,1,1,NA,1,0.5,1,NA,0,0,0,NA,1,0,9.5,6
Madagascar,MDG,2017,0,0,0.5,1,1,1,1,1,0,0.5,0.5,0.5,0,NA,NA,1,NA,1,0,9,6.5
Madagascar,MDG,2019,0,0,0,1,1,1,1,1,0,0.5,0.5,0.5,0,0,0,1,0.5,1,0,9,6.5
Madagascar,MDG,2022,0,0,0,1,1,1,1,1,0,0.5,0.5,0.5,0,0,0,0.5,0,1,0,8,6
Malawi,MWI,2015,NA,0,0.5,0,0,0,0,0,NA,0.5,0,0.5,0,0,0,NA,1,NA,0,2.5,1
Malawi,MWI,2017,NA,0,0.5,0,NA,0,0,0,NA,1,0,0,0,0,0,0.5,0,1,0,3,1.5
Malawi,MWI,2019,0,0,0.5,0,NA,0,0,0,0,1,0,0,0,NA,0,0.5,0,1,0,3,1.5
Malawi,MWI,2022,1,0,0.5,1,0.5,0,0,0,0,1,0,0,0,0,0,0.5,0,1,0,5.5,2
Malaysia,MYS,2015,1,0.5,1,0,0.5,0,1,0.5,NA,0.5,0.5,0.5,NA,0,1,1,1,1,1,11,5.5
Malaysia,MYS,2017,1,0.5,1,0.5,0.5,0,1,0.5,1,0.5,0.5,0.5,1,1,1,0,1,1,1,13.5,7.5
Malaysia,MYS,2019,1,0.5,1,0.5,0.5,0,1,0.5,NA,0.5,0.5,0.5,1,0,1,0,1,1,1,11.5,5.5
Malaysia,MYS,2022,1,0.5,1,0.5,0.5,0,1,0.5,1,0.5,0,0.5,1,0,1,0,1,1,1,12,6
Maldives,MDV,2015,1,0.5,0.5,0,0,0.5,0.5,1,NA,1,1,1,0,0,0,1,1,0,0,9,6
Maldives,MDV,2017,1,0.5,0.5,1,0.5,0.5,0.5,1,0,1,1,1,0,0,1,1,0,0.5,0,11,7.5
Maldives,MDV,2019,1,0.5,0.5,1,0.5,0.5,0.5,1,0,1,1,1,0,0,1,1,1,1,1,13.5,7.5
Maldives,MDV,2022,1,0.5,0.5,1,0.5,0.5,0.5,1,0,1,1,1,0,0,1,1,1,0,1,12.5,7.5
Mali,MLI,2015,NA,0,0.5,0,0,0,0.5,0.5,NA,0.5,0,0,0,0,0,NA,NA,0.5,0,2.5,1.5
Mali,MLI,2017,0,0,0.5,0.5,0,0,0.5,0.5,0,0.5,0,0,1,1,1,0.5,0,0.5,NA,6.5,5
Mali,MLI,2019,0,0,0.5,0,0,0,0.5,0.5,0,0.5,0,0,0,0,0,0.5,0,0,0,2.5,2
Mali,MLI,2022,0,0,0.5,1,0,0,0.5,0.5,0,0,0,0,0,0,0,0.5,0,0,0,3,1.5
Malta,MLT,2015,1,1,1,1,0.5,1,0.5,0.5,NA,0.5,0.5,0,1,1,0,1,1,0,1,12.5,6.5
Malta,MLT,2017,1,1,0.5,1,1,1,1,0.5,NA,0.5,0,0.5,1,1,1,0.5,1,0,1,13.5,8
Malta,MLT,2019,1,1,0.5,1,1,1,1,0.5,NA,0.5,0,0.5,0.5,1,1,0.5,1,0,1,13,7.5
Malta,MLT,2022,0,1,0.5,0,1,1,1,0.5,0,0.5,0,0.5,0.5,1,1,0.5,1,0,1,11,7.5
Marshall Islands,MHL,2015,1,0,0,0,0,1,0,0,NA,NA,NA,NA,NA,0,0,0,NA,NA,NA,2,1
Marshall Islands,MHL,2017,1,0,0,0,0.5,1,0,0,0,0.5,0,1,0,0,0,0,0,0,0,4,3
Marshall Islands,MHL,2019,0,0,0.5,0,0.5,1,0,0,NA,0.5,0,1,0,0,0,0,0.5,0,0,4,3
Marshall Islands,MHL,2022,0,0,0.5,0,0.5,1,0,0,0,0.5,0,1,0,0,0,0,0,0,0,3.5,3
Mauritania,MRT,2015,0.5,0,0.5,0,0,0,0,0,NA,1,1,1,0,0,0,0,0,0,0,4,3
Mauritania,MRT,2017,1,0,0,0,0,0,0,0,NA,1,1,1,0,0,0,0,0,0,0,4,3
Mauritania,MRT,2019,1,0,0,1,0,0,0.5,0.5,0,1,1,1,0,NA,0,0,0,0,0,6,4
Mauritania,MRT,2022,1,0,0,1,0,0,1,1,0,1,1,1,0,0,0,0,0,0,0,7,5
Mauritius,MUS,2015,NA,1,NA,NA,0.5,0.5,1,1,NA,0.5,0.5,0.5,NA,NA,NA,NA,NA,NA,NA,5.5,4.5
Mauritius,MUS,2017,0.5,1,0.5,0,0.5,0.5,1,1,1,0.5,1,0.5,0.5,1,1,0,1,0.5,0,12,8.5
Mauritius,MUS,2019,0.5,1,0.5,0,1,0.5,1,1,0,0.5,1,0.5,0,0,0,0,0.5,0.5,0.5,9,5.5
Mauritius,MUS,2022,1,1,0.5,0,1,0.5,1,1,0,0.5,1,0.5,0.5,0.5,0,0,0,1,NR,10,6.5
Mexico,MEX,2015,0.5,1,0.5,0.5,0.5,0.5,1,0,NA,0.5,0.5,0.5,0,0,1,1,0,1,0,9,5.5
Mexico,MEX,2017,0.5,1,0.5,0.5,0.5,0.5,1,0,NA,0.5,0,0.5,NA,0,1,0.5,1,1,0,9,4.5
Mexico,MEX,2019,0,1,0.5,0,0.5,0.5,1,0,NA,0.5,0,0.5,0.5,1,1,0.5,1,1,0,9.5,6
Mexico,MEX,2022,0,1,0.5,0,0.5,0,1,0,0.5,0.5,0,0.5,1,1,1,0.5,0,1,0,9,6.5
Micronesia,FSM,2015,0.5,0,0.5,1,0,0,0,0,NA,0.5,0.5,0,1,0,0,NA,1,0.5,0,5.5,2
Micronesia,FSM,2017,0.5,0,0.5,0,0.5,0,0,0,0,NA,NA,NA,0,0,0,NA,0,0.5,0,2,0.5
Micronesia,FSM,2019,0,0,0.5,0.5,0,0.5,0,0.5,0,0.5,0.5,0.5,0,0,0,0,0.5,0.5,1,5.5,2.5
Micronesia,FSM,2022,0.5,0,0.5,0.5,0,0.5,0,0.5,0,0.5,0.5,0.5,0,0,0,0,0,0.5,1,5.5,2.5
Moldova,MDA,2015,0,1,1,1,0,0.5,0.5,0.5,NA,0.5,0.5,0.5,0,1,1,0,0,1,0,9,5
Moldova,MDA,2017,1,1,0.5,1,0.5,0.5,1,1,1,0.5,0,1,0.5,1,1,0.5,0,1,1,14,8.5
Moldova,MDA,2019,1,1,0.5,1,0.5,0.5,1,1,1,0.5,0.5,0,1,1,1,0.5,1,1,1,15,8.5
Moldova,MDA,2022,1,1,0.5,0,0.5,0.5,1,1,0,0.5,0.5,0,0.5,0.5,1,0.5,1,1,1,12,6.5
Monaco,MCO,2015,NA,1,NA,NA,NA,0.5,0,0,NA,0.5,0.5,1,NA,NA,NA,NA,NA,NA,NA,3.5,2.5
Monaco,MCO,2017,0,0.5,0,0,NA,0.5,0,0,NA,0.5,0,0.5,0,1,0,NA,1,1,1,6,2.5
Monaco,MCO,2019,0,0.5,0,0,NA,0.5,0,0,NA,0.5,NA,0,0,0,0,0.5,0.5,0,1,3.5,1.5
Monaco,MCO,2022,0,1,0,0,NR,0,0,0,1,0.5,NR,0,0,0,0,0.5,0.5,0,1,4.5,2.00
Mongolia,MNG,2015,1,0.5,1,1,0,1,1,0.5,NA,0.5,0.5,0.5,0,0,0,1,1,0.5,0,10,5
Mongolia,MNG,2017,1,0.5,1,1,0,1,1,1,0,0.5,0,0.5,1,1,1,0.5,1,0.5,0,12.5,7.5
Mongolia,MNG,2019,1,0.5,1,1,0,0.5,1,1,NA,0.5,0,0.5,1,0.5,1,0.5,0,1,0.5,11.5,6.5
Mongolia,MNG,2022,1,0.5,1,1,0,0.5,1,1,0,0.5,0,0.5,1,0,1,1,1,1,0,12,6.5
Montenegro,MNE,2015,0,0.5,0.5,1,0.5,0.5,0.5,0.5,NA,0.5,1,0.5,1,0,0,0,0,0,0,7,5
Montenegro,MNE,2017,1,0.5,1,1,0.5,0.5,0.5,0.5,0,0.5,1,0,0.5,0,0,NA,0,NA,0,7.5,4
Montenegro,MNE,2019,1,0.5,0.5,1,1,0.5,0.5,0.5,0,0.5,1,0,0.5,0,0,0,1,NA,0,8.5,4.5
Montenegro,MNE,2022,1,0.5,0.5,1,1,0.5,1,0.5,0,0.5,1,0,0.5,0.5,0,0,1,NA,1,10.5,5.5
Morocco,MAR,2015,0.5,0.5,0.5,0,0.5,0.5,0,0.5,NA,NA,NA,NA,0,0,0,NA,1,0.5,0,4.5,1.5
Morocco,MAR,2017,1,0.5,0.5,0.5,0.5,0.5,0,0.5,1,0.5,0,0,1,1,0,0,1,0.5,0,9,5
Morocco,MAR,2019,1,0.5,1,1,0.5,0.5,0,0.5,0.5,0.5,0.5,0.5,0.5,1,1,0,0.5,0.5,0,10.5,6
Morocco,MAR,2022,1,0.5,1,1,1,0.5,0,0.5,1,0.5,0.5,0.5,0.5,1,1,0,0,0.5,0,11,7
Mozambique,MOZ,2015,NA,0,NA,NA,0,0,0,0.5,NA,0.5,0,0.5,NA,NA,NA,NA,NA,NA,NA,1.5,1.5
Mozambique,MOZ,2017,1,0,0.5,1,0,0,0,0.5,0,0.5,0,0,0,0,1,1,0,0,0,5.5,3
Mozambique,MOZ,2019,1,0,0.5,1,0,0,0,0.5,0,0.5,NA,NA,0,0,0,1,0,0.5,0,5,2
Mozambique,MOZ,2022,1,0,0.5,1,0,0,0,0.5,0,0.5,0,0.5,0,0,0,1,0,0.5,0,5.5,2.5
Myanmar,MMR,2015,0,0,0.5,0,0.5,0.5,0,0.5,NA,0.5,0.5,0.5,0,0,0,1,1,0.5,0,6,4
Myanmar,MMR,2017,1,0,0.5,0,0,0.5,0.5,0.5,0,0.5,1,0,0,0,0,0.5,1,1,0,7,3.5
Myanmar,MMR,2019,1,0,0.5,1,0,0.5,0.5,0.5,1,0.5,NA,NA,0,0,0,0.5,0,1,0,7,3.5
Myanmar,MMR,2022,1,0,0.5,1,0,0.5,0.5,0.5,1,0.5,NR,NR,0,0,0,0.5,0,1,0,7,3.5
Namibia,NAM,2015,NA,0,NA,NA,0,1,1,0.5,NA,1,0,0.5,NA,NA,NA,NA,NA,NA,NA,4,4
Namibia,NAM,2017,1,0,0.5,0,0,1,1,0.5,0,1,0,0.5,0,0,0,0,0,0,0,5.5,4
Namibia,NAM,2019,1,0,0.5,0,0,1,1,0.5,0.5,1,0,0.5,0,0,0,0,0,0,0,6,4.5
Namibia,NAM,2022,1,0,0.5,0,0,1,1,0.5,1,1,0,0.5,0,0,0,0,0,0,0,6.5,5
Nauru,NRU,2015,0,0,0,0,NA,1,0.5,0.5,NA,NA,NA,NA,0,0,0,0,1,NA,0.5,3.5,2
Nauru,NRU,2017,1,0,0.5,1,0.5,1,0.5,0.5,0,NA,NA,NA,0.5,0,0,NA,0,1,0.5,7,3
Nauru,NRU,2019,1,0,1,1,0,1,0.5,0.5,NA,NA,NA,NA,0,0,0,0,0,0.5,0.5,6,2
Nauru,NRU,2022,1,0.5,0.5,1,0,1,0.5,0.5,0,NR,NR,NR,0,0,0,0,0,0.5,0.5,6,2
Nepal,NPL,2015,1,0,0.5,1,0,1,1,1,NA,0.5,0,1,0,0,0,1,1,0,0,9,5.5
Nepal,NPL,2017,1,0,0.5,1,0,1,1,1,1,NA,NA,NA,0,0,0,1,1,0.5,0,9,5
Nepal,NPL,2019,1,0,1,1,0,1,1,1,NA,0.5,0,1,0,0,0,1,0.5,0.5,0,9.5,5.5
Nepal,NPL,2022,1,0,1,1,0,1,1,1,0,0.5,0,1,0,0,0,0.5,1,0.5,0,9.5,5
Netherlands,NLD,2015,0,1,0.5,1,0.5,0,0.5,0.5,NA,0.5,0.5,0.5,1,1,NA,NA,1,NA,1,9.5,5
Netherlands,NLD,2017,0,1,0.5,1,0.5,0,1,0.5,1,0.5,0,0.5,1,1,1,0.5,1,1,1,13,7.5
Netherlands,NLD,2019,0.5,1,0.5,0,0.5,0,1,0.5,0.5,0.5,0,0.5,1,1,1,0.5,1,1,1,12,7
Netherlands,NLD,2022,0.5,1,0.5,0,1,0,1,0.5,0,0.5,0,0.5,1,1,1,0.5,1,1,1,12,7
New Zealand,NZL,2015,0,1,1,0,0.5,1,1,0.5,NA,0.5,0.5,1,1,1,1,0,0,1,1,12,8
New Zealand,NZL,2017,0,1,0.5,0,0.5,1,1,0.5,1,0.5,0,0.5,0.5,1,1,0,0,1,1,11,7.5
New Zealand,NZL,2019,0,1,0.5,0,1,1,1,0.5,1,0.5,0,1,NA,0,1,0,0,1,1,10.5,7
New Zealand,NZL,2022,0,1,0.5,0,1,1,1,0.5,1,0.5,0,1,0.5,0,0,0,0,1,1,10,6.5
Nicaragua,NIC,2015,0,0.5,0,0.5,0,0.5,0.5,0,NA,0.5,0.5,0.5,0,0,0,1,1,0.5,0,6,3.5
Nicaragua,NIC,2017,0,0.5,0,NA,0,0.5,0.5,0,0,0.5,0,0.5,0,0,0,0.5,NA,1,0,4,2.5
Nicaragua,NIC,2019,0,0.5,0.5,NA,0,0.5,0.5,0,0,0.5,0.5,0,0,0,0,0.5,0,1,0,4.5,2.5
Nicaragua,NIC,2022,0,1,0,0,0.5,0.5,0.5,0,0,0.5,0.5,0,0,0,0,0.5,0,1,1,6,3
Niger,NER,2015,0,0,0.5,1,0,0.5,1,1,NA,0.5,0.5,0.5,0,0,0,0,0,0,0,5.5,4
Niger,NER,2017,0,0,0.5,1,0,0.5,1,1,0,0.5,0.5,0.5,0,0,0,0.5,0,0,0,6,4.5
Niger,NER,2019,1,0,0,1,0,0.5,0.5,1,0,0.5,0.5,0.5,0,0,0,0.5,0,0,0,6,4
Niger,NER,2022,1,0,0.5,1,0,0.5,1,1,0,0.5,0.5,0.5,0,0,0,0.5,0,0.5,0,7.5,4.5
Nigeria,NGA,2015,0.5,0,0,1,0,0.5,0,0,NA,0.5,0.5,0.5,0,0,0,NA,0,NA,0,3.5,2
Nigeria,NGA,2017,1,0,0,0,0,0,0.5,1,NA,0.5,0,0.5,0,NA,NA,0.5,0,0,0,4,3
Nigeria,NGA,2019,1,0,0,0,0,0,0.5,1,0,0.5,0,1,0,0,0,0.5,0,0,0,4.5,3.5
Nigeria,NGA,2022,1,0,0,1,0,0,1,1,0,0.5,0,1,0,0,0,1,0,0,0,6.5,4.5
Niue,NIU,2015,0.5,0,0.5,0.5,0,0,0,0,NA,0.5,0,0,0,0,0,0,1,0,0.5,3.5,0.5
Niue,NIU,2017,0,0,0.5,0,1,0,0,0,NA,NA,NA,NA,0,0,0,NA,1,1,0.5,4,1
Niue,NIU,2019,0,0,0.5,0,1,1,0.5,1,0,NA,NA,NA,0,0,0,0,0,0.5,0,4.5,3.5
Niue,NIU,2022,0,0,0.5,0,0.5,1,0.5,1,0,NR,NR,NR,0,0,0,0,NA,0.5,NA,4,3
North Macedonia,MKD,2015,0,1,0,0,0.5,0.5,0.5,0.5,NA,0.5,0.5,0.5,0,0,0,1,1,1,1,8.5,4.5
North Macedonia,MKD,2017,0,1,0.5,0,0.5,1,0.5,0.5,0,0.5,0.5,0.5,0,0,0,0.5,1,1,0,8,4.5
North Macedonia,MKD,2019,0,0.5,0.5,0,1,1,0.5,0.5,0,0.5,0,0.5,0,0,0,0.5,1,1,0,7.5,4.5
North Macedonia,MKD,2022,0,0.5,0.5,0,1,1,0.5,0.5,0,0.5,0,0.5,0,0,0,0.5,1,1,0,7.5,4.5
Norway,NOR,2015,0,1,0.5,1,0,0.5,0.5,0.5,NA,0.5,0.5,1,1,NA,1,NA,1,1,NA,10,5.5
Norway,NOR,2017,1,1,0.5,1,0.5,1,0.5,0.5,1,0.5,1,0.5,1,1,1,0.5,1,1,1,15.5,9
Norway,NOR,2019,1,1,1,1,0.5,1,1,0.5,1,0.5,1,1,1,1,1,0.5,1,1,1,17,10
Norway,NOR,2022,1,1,0.5,1,0.5,1,1,0.5,1,0.5,1,1,1,1,1,0.5,1,1,1,16.5,10
Oman,OMN,2015,0,0.5,0.5,0,0,0,0.5,0,NA,1,1,0,1,0,0,1,1,0.5,1,8,4.5
Oman,OMN,2017,1,0.5,0.5,0,0,0,0.5,0.5,0,1,1,0.5,1,1,0,0.5,1,1,1,11,6
Oman,OMN,2019,1,0.5,0.5,1,0,0,0.5,0.5,0,0.5,0.5,0.5,1,1,1,0.5,1,1,1,12,6
Oman,OMN,2022,1,0.5,0.5,1,0.5,0,0.5,0.5,0,0.5,0.5,0.5,0.5,1,1,0.5,1,1,1,12,6
Pakistan,PAK,2015,0,0,0.5,0,0,1,0.5,0.5,NA,0.5,1,0.5,0,0,0,NA,NA,0,0,4.5,4
Pakistan,PAK,2017,0,0,0.5,0,0.5,1,0.5,0.5,1,0.5,1,0.5,0,0,0,1,0,0.5,0,7.5,6.5
Pakistan,PAK,2019,0,0,0.5,0,0.5,1,1,0.5,1,1,0.5,1,0,0,0,1,0,0,0,8,7.5
Pakistan,PAK,2022,0,0,0.5,0,0.5,1,1,0.5,0.5,1,0.5,1,0,0,0,0.5,0,0,0,7,6.5
Palau,PLW,2015,0.5,0,0.5,0.5,0.5,0.5,0,0.5,NA,0.5,0,0,1,0,0,0,NA,1,1,6.5,3
Palau,PLW,2017,0.5,0,0.5,0.5,0.5,0.5,0,0.5,NA,NA,NA,NA,NA,NA,NA,1,NA,1,1,6,2.5
Palau,PLW,2019,0.5,0,0.5,0.5,0.5,0.5,0,0.5,0.5,NA,NA,NA,0.5,0.5,0,1,0.5,1,1,8,4
Palau,PLW,2022,0.5,0,0.5,0.5,0.5,0.5,0,0.5,1,NR,NR,NR,0.5,0.5,0,1,1,1,1,9,4.5
Panama,PAN,2015,0,1,0.5,1,0,1,1,1,NA,0.5,0.5,1,0,0,0,1,0,0.5,0,9,6
Panama,PAN,2017,0,1,0.5,1,0.5,1,1,1,0.5,0.5,0,0.5,0,0,0,1,1,0.5,0,10,6
Panama,PAN,2019,0,1,0.5,1,0.5,1,1,1,1,0.5,0,0.5,0,0,0,1,1,0.5,0,10.5,6.5
Panama,PAN,2022,0,1,0.5,1,0.5,1,1,1,0,0.5,0,0.5,0.5,0,1,1,1,0.5,0,11,7
Papua New Guinea,PNG,2015,0.5,0,0.5,0,0,1,0,0.5,NA,1,0.5,0.5,0,0,0,1,0,NA,0,5.5,4.5
Papua New Guinea,PNG,2017,0.5,0,0.5,0.5,0,1,0,0.5,0,NA,NA,NA,0,0,0,0.5,0,0.5,0,4,2
Papua New Guinea,PNG,2019,0.5,0,0,0.5,0.5,1,0.5,0.5,0,0.5,0,0.5,0,0,0,0.5,0.5,0.5,0,6,4
Papua New Guinea,PNG,2022,0,0,0,0,0.5,1,0.5,0.5,0,0.5,0,0.5,0,0,0,0.5,0,0.5,0,4.5,4
Paraguay,PRY,2015,1,0.5,1,1,0,0,0,0,NA,0.5,1,0,1,0,0,1,1,0.5,0,8.5,3.5
Paraguay,PRY,2017,1,0.5,0.5,1,0,0,0.5,0.5,0,0.5,0.5,0.5,0.5,0,0,0.5,0,0.5,0,7,3.5
Paraguay,PRY,2019,1,0.5,0.5,1,0,0.5,0.5,0.5,0,0.5,0.5,1,0.5,0,0,0.5,0,NA,0,7.5,4.5
Paraguay,PRY,2022,1,0.5,0.5,1,0,1,0.5,0.5,0.5,0.5,0.5,1,0.5,0,0,0.5,0,1,0,9.5,5.5
Peru,PER,2015,0,0.5,0.5,0,0,1,1,0,NA,0.5,0.5,0,1,1,0,0,0,0,NA,6,5
Peru,PER,2017,0,0.5,0.5,0.5,0,1,1,0,0.5,0.5,0,0.5,0.5,1,1,1,0,0.5,0,9,7
Peru,PER,2019,0,0.5,0.5,0.5,0,1,1,0,NA,0.5,1,0.5,0.5,1,1,1,1,0.5,0,10.5,7.5
Peru,PER,2022,1,0.5,0.5,0,0.5,1,1,0,0.5,0.5,1,0.5,0.5,1,1,0.5,1,0.5,0,11.5,8
Philippines,PHL,2015,0,1,1,1,0.5,0.5,1,0.5,NA,0.5,0.5,0.5,0,0,0,1,1,0.5,0,9.5,5
Philippines,PHL,2017,0,0.5,1,0,0.5,0.5,1,0.5,1,0.5,0,0.5,0,0,0,1,1,0.5,0,8.5,5.5
Philippines,PHL,2019,1,1,0.5,1,0.5,0.5,1,0.5,0.5,0.5,0,1,0,0,1,1,0.5,0,0,10.5,6.5
Philippines,PHL,2022,1,1,1,1,0.5,0.5,1,0.5,0.5,0.5,0,1,0,0.5,1,1,0,0,0,11,7
Poland,POL,2015,0.5,0.5,0.5,1,0.5,0.5,0.5,0.5,NA,0.5,1,0.5,NA,0,1,1,1,NA,NA,9.5,6
Poland,POL,2017,0,1,0.5,0.5,1,0.5,1,0.5,0.5,0.5,1,0.5,0,0,1,0.5,0,NA,1,10,7
Poland,POL,2019,0,1,0.5,0.5,1,0.5,1,0.5,0,0.5,1,0,1,1,1,0.5,1,NA,1,12,8
Poland,POL,2022,0,1,0.5,0,1,0.5,1,0.5,0.5,0.5,1,0,1,1,1,0.5,1,NA,1,12,8.5
Portugal,PRT,2015,1,1,0.5,NA,0.5,0.5,0.5,0.5,NA,0.5,1,0,1,0,1,1,1,1,0,11,6.5
Portugal,PRT,2017,1,1,1,1,0.5,0.5,1,0.5,1,0.5,0.5,0.5,1,0,1,0.5,1,1,1,14.5,7.5
Portugal,PRT,2019,1,1,1,1,0.5,0.5,1,0.5,0.5,0.5,1,0.5,0.5,1,1,0.5,1,1,1,15,8
Portugal,PRT,2022,1,1,0.5,1,1,0.5,1,0.5,0,0.5,1,0.5,0.5,1,1,0.5,1,1,1,14.5,8
Qatar,QAT,2015,0.5,0.5,0.5,0.5,0,0,0.5,0.5,NA,NA,NA,NA,1,1,1,0,1,1,1,9,4
Qatar,QAT,2017,1,0.5,0.5,1,0,0,0.5,1,NA,NA,NA,NA,0.5,1,1,0.5,1,1,0,9.5,4.5
Qatar,QAT,2019,1,0.5,0.5,1,0,0,0.5,1,1,1,0,0,0.5,1,0,0,1,1,0,10,5
Qatar,QAT,2022,1,0.5,0.5,1,0.5,0,1,1,1,1,0,0,0.5,1,0,0,1,1,0,11,6
Romania,ROU,2015,0,1,0,0,0.5,0,0.5,0.5,NA,0.5,0.5,1,0,0,0,1,0,1,0,6.5,4.5
Romania,ROU,2017,0,1,0.5,1,0.5,1,1,0.5,0.5,0.5,1,0.5,0.5,0,1,0.5,1,1,0,12,7.5
Romania,ROU,2019,0,1,0.5,1,0.5,1,1,0.5,0,0.5,0.5,0.5,0,1,1,0.5,1,1,0,11.5,7
Romania,ROU,2022,0,1,0.5,1,0.5,1,1,0.5,0,0.5,0.5,0.5,0.5,1,0,0.5,1,1,0,11,6.5
Russian Federation,RUS,2015,1,1,1,1,0,1,0.5,1,NA,0.5,1,0.5,1,0,0,1,0,1,1,12.5,6.5
Russian Federation,RUS,2017,1,0.5,1,1,0.5,1,1,1,0.5,0.5,0.5,0.5,0.5,1,0,0.5,1,1,1,14,7.5
Russian Federation,RUS,2019,1,1,1,0.5,0.5,1,1,1,0,0.5,1,0.5,0.5,1,0,0.5,1,1,1,14,7.5
Russian Federation,RUS,2022,1,1,1,0.5,0.5,1,1,1,1,0.5,1,0.5,1,1,1,0.5,1,1,1,16.5,10
Rwanda,RWA,2015,NA,0,1,1,0,0,0,0,NA,0.5,0,0.5,0,0,0,0,1,NA,0,4,1
Rwanda,RWA,2017,0,0,0.5,0,0.5,0,0.5,0,NA,0.5,0,0.5,0,0,0,0.5,0,1,0,4,2.5
Rwanda,RWA,2019,0,0,0.5,0,0.5,0,0.5,0,0.5,0.5,1,0,0,0,0,0.5,1,1,0,6,3.5
Rwanda,RWA,2022,1,0,0.5,1,0.5,0,0.5,0,1,0.5,1,0,0,0.5,0,0.5,0,1,0,8,4.5
Saint Kitts and Nevis,KNA,2015,0,1,0.5,1,0,0,0,0,NA,1,0.5,0.5,0,0,0,0,0,0,0,4.5,2
Saint Kitts and Nevis,KNA,2017,0,1,0.5,1,0,0,0,0,0,0.5,0,0.5,0,0,0,0,0,1,0,4.5,1
Saint Kitts and Nevis,KNA,2019,0,1,0,0,0,0,0,0,0,1,0,1,0,0,0,0,1,1,0,5,2
Saint Kitts and Nevis,KNA,2022,0,1,0,0,NR,0,0,0,0,1,0,1,0,0,0,0,1,1,0,5,2.00
Saint Lucia,LCA,2015,0,1,0.5,0,0,0,0,0,NA,0.5,0.5,0,0,0,0,0,1,0.5,0,4,1
Saint Lucia,LCA,2017,0,1,1,0,0.5,0,0,0,0,0.5,0,0.5,NA,0,NA,0,1,0.5,0.5,5.5,1.5
Saint Lucia,LCA,2019,0,1,0.5,1,0.5,0,1,0,1,0.5,0,0.5,0,0,0,0,1,0.5,0.5,8,3.5
Saint Lucia,LCA,2022,0,1,1,1,0.5,1,1,0,1,0.5,0,0.5,0,0,0,0,0,0.5,1,9,4.5
Saint Vincent and the Grenadines,VCT,2015,1,1,0.5,0.5,0,0,0,0,NA,0.5,0.5,0.5,0,0,0,0,1,0,0,5.5,1.5
Saint Vincent and the Grenadines,VCT,2017,1,1,1,0,0,0,0,0,NA,0.5,0,0.5,0,0,0,0,1,0,0,5,1
Saint Vincent and the Grenadines,VCT,2019,1,1,0.5,1,0,0,0,0,0,1,0,0,0.5,0,0,0,0.5,0.5,0,6,1.5
Saint Vincent and the Grenadines,VCT,2022,1,1,0.5,1,0,0,0,0,0,1,0,0,0.5,0,0,0,1,1,0.5,7.5,1.5
Samoa,WSM,2015,NA,0,NA,NA,0,0.5,1,0.5,NA,NA,NA,NA,NA,NA,NA,NA,NA,NA,NA,2,2
Samoa,WSM,2017,0,0,1,0,0.5,0.5,1,0.5,NA,1,0,1,0,0,0,0,0,0.5,0,6,4.5
Samoa,WSM,2019,0,0,0.5,1,0,0.5,1,0.5,0.5,1,0,1,0.5,0,0,0,1,NA,0,7.5,5
Samoa,WSM,2022,0,0,0.5,1,0,0.5,1,0.5,0,1,0,1,0.5,0,0,0,0,1,1,8,4.5
San Marino,SMR,2015,0,1,0,0,1,0.5,0,0.5,NA,0.5,0,0,0,0,0,0,0,0,NA,3.5,2.5
San Marino,SMR,2017,0.5,1,0,1,0.5,0.5,0,0.5,0,0.5,0,0.5,0,0,0,NA,0,0.5,NA,5.5,2.5
San Marino,SMR,2019,0,1,0,1,NA,0.5,0,0.5,0,0,0,0,1,0.5,0,0.5,0.5,0.5,1,7,3
San Marino,SMR,2022,0,1,0,1,NR,0.5,0,0.5,0,0,0,0,0,0,0,0.5,0.5,0.5,1,5.5,1.50
Sao Tome and Principe,STP,2015,0,0,0.5,0,0,0,0,0,NA,0,0,0,0,0,0,0,1,0,0,1.5,0
Sao Tome and Principe,STP,2017,0,0,0.5,0,0,0,0,0.5,NA,0.5,0,0,0,0,0,0,0,0.5,0,2,1
Sao Tome and Principe,STP,2019,0,0,0.5,0,0,0,0,0.5,0,NA,NA,NA,0,0,0,0,0,0.5,0,1.5,0.5
Sao Tome and Principe,STP,2022,0,0,0.5,0,0,0,0,0.5,0,NR,NR,NR,0,0,0,0,0,0.5,0,1.5,0.5
Saudi Arabia,SAU,2015,0,0.5,1,0.5,0,1,0.5,0,NA,1,1,1,1,0,0,0,1,NA,NA,8.5,5.5
Saudi Arabia,SAU,2017,1,0.5,1,1,0,0.5,0.5,0.5,0.5,1,1,1,1,1,1,0.5,1,1,1,15,8.5
Saudi Arabia,SAU,2019,1,0.5,0.5,1,0.5,0.5,1,1,0.5,1,1,1,1,1,0,0.5,0.5,1,1,14.5,9
Saudi Arabia,SAU,2022,1,0.5,0.5,1,0.5,0.5,1,1,1,1,1,1,1,1,1,1,0.5,1,0.5,16,11
Senegal,SEN,2015,0,0,1,0,0,0.5,0.5,0.5,NA,0.5,1,0,0,0,0,NA,0,0,NA,4,3
Senegal,SEN,2017,0,0,0.5,0,0,0.5,1,1,0,0.5,0.5,0.5,0,0,0,0.5,0,0.5,0,5.5,4.5
Senegal,SEN,2019,0.5,0,1,1,0,0.5,1,1,1,0.5,0.5,0.5,0,0,0,0.5,0,1,0,9,5.5
Senegal,SEN,2022,0.5,0,0.5,1,0,0.5,1,1,0,0,0,0,0,0,0,0.5,0,1,0,6,3
Serbia,SRB,2015,1,1,0.5,0,0.5,0.5,0.5,0.5,NA,0.5,0.5,1,0,0,0,NA,NA,1,NA,7.5,4
Serbia,SRB,2017,0,1,0.5,1,1,0.5,0.5,0.5,0,0.5,0.5,1,0,0,0,0.5,0,1,1,9.5,5
Serbia,SRB,2019,0,1,0.5,1,1,0.5,0.5,0.5,0,0.5,NA,0.5,0,0,0,0.5,1,1,1,9.5,4
Serbia,SRB,2022,0,1,0.5,1,1,0.5,0.5,0.5,0,0.5,NR,0.5,0.5,0,1,0.5,1,1,1,11,5.5
Seychelles,SYC,2015,NA,1,0.5,0,0.5,1,1,0.5,NA,0.5,0.5,0.5,0,0,0,NA,1,NA,0,7,4.5
Seychelles,SYC,2017,1,1,0.5,1,0.5,1,1,0.5,1,0.5,0.5,0.5,0,0,0,0.5,1,0.5,0,11,6
Seychelles,SYC,2019,1,1,0.5,1,0.5,1,1,1,1,0.5,0,1,0,0,0,0.5,1,0.5,1,12.5,6.5
Seychelles,SYC,2022,1,1,0.5,1,0.5,1,1,1,0.5,0.5,0,1,0.5,0,1,0.5,0,1,0,12,7.5
Sierra Leone,SLE,2015,NA,0,0.5,0,0,0,0,0,NA,0.5,0,0.5,0,0,0,0,0,0,0,1.5,1
Sierra Leone,SLE,2017,0,0,0.5,0,0,0,0,0,0.5,0.5,0,1,0,0,0,0,0,0,0,2.5,2
Sierra Leone,SLE,2019,0,0,0,0,0,0,0,0,0,0.5,0,0.5,0,0,0,0,0,0,0,1,1
Sierra Leone,SLE,2022,0,0,0,1,0,0,0,0,0,0.5,0,0.5,0,NA,0,0,0,0.5,0,2.5,1
Singapore,SGP,2015,1,1,1,0,0.5,0.5,1,0.5,NA,0.5,0,0.5,1,1,1,0,1,1,NA,11.5,6.5
Singapore,SGP,2017,0.5,1,0.5,0.5,0.5,0.5,1,0.5,1,1,0,1,1,1,1,0,1,1,NA,13,8.5
Singapore,SGP,2019,0.5,1,0.5,0.5,0.5,0.5,1,0.5,0.5,0.5,0,0.5,1,1,1,0,1,1,NA,11.5,7
Singapore,SGP,2022,1,1,0.5,0,0.5,0.5,1,0.5,0.5,0.5,0,0.5,1,1,1,0,1,1,1,12.5,7
Slovak Republic,SVK,2015,0,1,1,0.5,0.5,0.5,0.5,0.5,NA,0.5,0.5,0.5,0,0,0,0,1,NA,0,7,3.5
Slovak Republic,SVK,2017,0,1,0.5,0.5,1,0.5,1,0.5,0,0.5,0.5,0.5,NA,0,0,0.5,1,0.5,0,8.5,5
Slovak Republic,SVK,2019,1,1,0.5,0.5,1,0.5,1,0.5,0,0.5,0,0.5,0.5,1,0,0.5,1,0.5,0,10.5,6
Slovak Republic,SVK,2022,1,1,0.5,1,1,0.5,1,0.5,0,0.5,0,0.5,0,1,0,0.5,1,1,NA,11,5.5
Slovenia,SVN,2015,0.5,1,1,0,0.5,0.5,0.5,0.5,NA,0.5,1,0.5,1,1,1,1,1,0.5,1,13,8
Slovenia,SVN,2017,0.5,1,0.5,1,1,0.5,0.5,0.5,0,0.5,1,0.5,1,1,1,0.5,1,1,1,14,8
Slovenia,SVN,2019,1,1,0.5,1,1,0.5,1,1,0.5,0.5,1,0,0.5,1,1,0.5,1,1,1,15,8.5
Slovenia,SVN,2022,1,1,0.5,1,1,0.5,1,1,0,0.5,1,0,1,1,1,0.5,1,1,1,15,8.5
Solomon Islands,SLB,2015,1,0,0.5,1,0,0.5,1,0.5,NA,NA,NA,NA,0,0,0,NA,NA,NA,0,4.5,2
Solomon Islands,SLB,2017,1,0,1,1,0,0.5,1,0.5,NA,NA,NA,NA,0,0,0,0.5,0,0.5,0,6,2.5
Solomon Islands,SLB,2019,1,0,1,1,0,0.5,1,0.5,0,NA,NA,NA,0,0,0,0.5,0,0.5,0,6,2.5
Solomon Islands,SLB,2022,1,0.5,0.5,1,NR,0.5,1,0.5,0,NR,NR,NR,0,0,0,0.5,0,0.5,0,6,2.50
Somalia,SOM,2015,0,0,0,0,NA,0,0,0,NA,1,1,1,0,0,0,0,0,0,0,3,3
Somalia,SOM,2017,0,0,0,0,0,0,0,0,0,1,1,1,0,0,0,0,0,0,0,3,3
Somalia,SOM,2019,0,0,0.5,0,0,0,0,0,0,1,1,1,0,0,0,0,0,0,0,3.5,3
Somalia,SOM,2022,0,0,0.5,0,0,0,0,0,0,1,1,1,0,0,0,0,0,0,0,3.5,3
South Africa,ZAF,2015,1,0.5,0.5,0,0,0,0,0.5,NA,0.5,0.5,1,1,NA,NA,NA,1,NA,NA,6.5,3.5
South Africa,ZAF,2017,1,0.5,0.5,0,0.5,0,0,0.5,0,0.5,0,0.5,1,1,1,1,0,0.5,NA,8.5,6
South Africa,ZAF,2019,1,1,0.5,0,0.5,0,0,0.5,0,0.5,0,1,0.5,0.5,0,1,1,1,NA,9,4.5
South Africa,ZAF,2022,1,1,0.5,0,0.5,0,0,0.5,0.5,0.5,0,1,0.5,0.5,1,1,0,1,NA,9.5,6
South Sudan,SSD,2015,NA,0,NA,NA,NA,0,0,0,NA,NA,NA,NA,NA,NA,NA,NA,NA,NA,NA,0,0
South Sudan,SSD,2017,0,0,0,0,0,0,0,0,0,0.5,0.5,0,0,0,0,0,0,0,0,1,1
South Sudan,SSD,2019,1,0,0,0,NA,0,0,0,0,1,0,0,0,0,0,0,0,0,0,2,1
South Sudan,SSD,2022,1,0,0,0,0.5,0,0,0,0,1,0,0,0,0,0,0,0,1,0,3.5,1.5
Spain,ESP,2015,0,1,1,0,0.5,1,0.5,1,NA,0.5,0.5,0,1,1,1,0,1,1,1,12,7
Spain,ESP,2017,0,1,0.5,1,1,1,0.5,1,0,0.5,0,0.5,1,1,1,0.5,1,1,1,13.5,8
Spain,ESP,2019,0,1,0.5,0,1,1,1,1,0,0.5,0.5,0,0.5,1,1,0.5,1,1,1,12.5,8
Spain,ESP,2022,0,1,0.5,1,1,1,1,1,0.5,0.5,0.5,0,0.5,1,1,0.5,1,1,1,14,8.5
Sri Lanka,LKA,2015,1,0.5,0.5,1,0.5,0.5,1,0.5,NA,0.5,0.5,1,0,0,0,1,1,0.5,0,10,5.5
Sri Lanka,LKA,2017,1,0.5,1,1,0.5,0.5,1,0.5,0,1,0.5,0.5,0,0,0,1,0,1,1,11,5.5
Sri Lanka,LKA,2019,1,0,1,1,0.5,0.5,1,0.5,NA,1,1,0.5,1,0,1,1,0,1,1,13,8
Sri Lanka,LKA,2022,1,0.5,0.5,1,1,0.5,1,0.5,0,1,1,0.5,1,0,0,0.5,1,1,0,12,7
Sudan,SDN,2015,0,0,0.5,0,0.5,0,0,0.5,NA,1,1,1,0,0,0,0,0,1,0,5.5,4
Sudan,SDN,2017,1,0,1,0,0.5,0,0,0.5,0,1,1,1,0,0,0,0.5,0,1,0,7.5,4.5
Sudan,SDN,2019,1,0,1,0.5,0.5,0,0,0.5,0,1,1,1,0,0,0,0.5,0,1,0,8,4.5
Sudan,SDN,2022,0,0,1,0,0.5,0,0,0.5,0,1,1,1,0,0,0,0.5,0,1,0,6.5,4.5
Suriname,SUR,2015,1,1,1,1,0,1,0.5,1,NA,0.5,0.5,0.5,0,0,0,0,1,0.5,NA,9.5,4
Suriname,SUR,2017,1,0.5,0.5,1,0.5,1,1,1,1,0,0,1,0,0,0,0,1,0.5,0,10,5.5
Suriname,SUR,2019,1,0.5,0.5,1,0,1,1,1,0,0,0,1,0,0,0,0,0,0.5,NA,7.5,4
Suriname,SUR,2022,0,0.5,0.5,1,0,1,1,1,0,0,0,1,0,0,0,0,0,0.5,0,6.5,4
Sweden,SWE,2015,0,1,1,0.5,0,0,0.5,0.5,NA,0.5,1,0.5,0,0,0,1,1,0.5,1,9,4
Sweden,SWE,2017,0,1,0.5,0,0.5,0,1,0.5,0,0.5,1,0.5,1,1,0,0.5,0,1,1,10,6.5
Sweden,SWE,2019,0,1,0.5,0,0.5,0,1,0.5,0,0.5,1,0.5,0.5,1,1,0.5,1,1,1,11.5,7
Sweden,SWE,2022,0,1,0.5,1,0.5,0,1,0.5,0.5,0.5,1,0.5,0.5,1,1,0.5,1,1,1,13,7.5
Switzerland,CHE,2015,0.5,1,1,0,0.5,0,0.5,0,NA,0.5,0.5,0,1,1,NA,1,1,NA,NA,8.5,5
Switzerland,CHE,2017,0,1,0.5,1,0.5,0,0.5,0,1,0,0,0.5,0.5,1,1,0.5,1,1,1,11,5.5
Switzerland,CHE,2019,0,1,0.5,0,0.5,0,0.5,0,1,0,1,0,0.5,1,1,0.5,1,1,1,10.5,6
Switzerland,CHE,2022,0,1,0.5,0,0.5,0,0.5,0,0,0,1,0,1,1,1,0.5,1,1,1,10,5.5
Syrian Arab Republic,SYR,2015,0,0.5,0,0,NA,0.5,0,0.5,NA,0.5,0.5,0.5,0,0,0,NA,0,0,0,3,2.5
Syrian Arab Republic,SYR,2017,0,0.5,0,0,0.5,0.5,0,0.5,0,1,0.5,1,0,0,0,0.5,0,0.5,0.5,6,4.5
Syrian Arab Republic,SYR,2019,0,0,0.5,0,0,0.5,0,0.5,0,0.5,0,0.5,0,0,0,0.5,0,0.5,0.5,4,2.5
Syrian Arab Republic,SYR,2022,0,0.5,0,0,0,0.5,0,0.5,0,0.5,0,0.5,0,0,0,0.5,0,1,0.5,4.5,2.5
Tajikistan,TJK,2015,1,0.5,0.5,1,0,0,0,0.5,NA,0.5,0,1,1,1,1,0,1,1,0,10,5
Tajikistan,TJK,2017,1,0.5,0.5,1,0,0,0,0.5,0,0.5,0.5,0.5,1,1,1,0.5,0,1,0,9.5,5.5
Tajikistan,TJK,2019,1,0.5,1,1,0,1,0.5,0.5,0,0.5,0.5,0.5,0,0,1,0.5,0,1,0,9.5,5
Tajikistan,TJK,2022,1,0.5,1,1,0,1,1,0.5,0,0.5,0.5,0.5,0.5,0.5,1,0.5,0,1,0,11,6.5
Thailand,THA,2015,1,0.5,1,0,0.5,1,1,0.5,NA,1,1,0.5,0,0,0,NA,1,1,0,10,5.5
Thailand,THA,2017,1,0.5,1,1,0.5,1,1,0.5,1,1,1,0.5,1,0,0,0,1,1,1,14,7.5
Thailand,THA,2019,1,0.5,0.5,1,1,1,1,0.5,0.5,1,1,0,1,0.5,1,0.5,1,1,1,15,9
Thailand,THA,2022,1,0.5,0.5,1,1,1,1,0.5,1,1,1,0.5,1,0.5,1,0.5,1,1,1,16,10
Timor-Leste,TLS,2015,1,0,0.5,0,0,0,0,0,NA,0.5,0,0.5,NA,NA,1,NA,1,0,NA,4.5,2
Timor-Leste,TLS,2017,1,0,0.5,1,0,0.5,0.5,0.5,0.5,0.5,0,0.5,0,0,0,0,1,1,0,7.5,3
Timor-Leste,TLS,2019,1,0,0.5,1,0,0.5,1,0.5,1,0.5,0,0.5,0.5,1,0,0,0,1,0,9,5.5
Timor-Leste,TLS,2022,1,0,0.5,1,0,0.5,1,0.5,1,0.5,0,0.5,0,0,0,0,0,1,0,7.5,4
Togo,TGO,2015,1,0,0.5,1,0,0.5,0.5,1,NA,0.5,0,1,0,0,0,0,1,0.5,0,7.5,3.5
Togo,TGO,2017,1,0,0.5,0,0,0.5,0.5,1,0,0.5,0,0.5,0,0,0,0,0,0.5,0,5,3
Togo,TGO,2019,1,0,0.5,0,0,0.5,0.5,1,1,0.5,0,0.5,0,0,0,0,0,0.5,0,6,4
Togo,TGO,2022,1,0,0,1,0,0.5,0.5,1,1,0.5,0,0.5,0,0,0,0,NA,0,0,6,4
Tonga,TON,2015,1,0,0.5,0.5,0.5,0,0.5,0.5,NA,1,0,0.5,0,NA,NA,0,1,0.5,0,6.5,3
Tonga,TON,2017,1,0,0.5,1,0.5,0.5,0.5,0.5,1,NA,NA,NA,0,0,0,NA,1,0.5,0,7,3
Tonga,TON,2019,1,0,1,1,0.5,0.5,0.5,0.5,1,1,0,0.5,0,0,0,0,1,1,1,10.5,4.5
Tonga,TON,2022,1,0,1,0,0.5,0.5,0.5,0.5,1,1,0,0.5,0,0,0,0,0,1,1,8.5,4.5
Trinidad and Tobago,TTO,2015,NA,1,NA,NA,0,1,1,0,NA,1,0.5,0.5,NA,NA,NA,NA,NA,NA,NA,5,4
Trinidad and Tobago,TTO,2017,1,0.5,0.5,0.5,0,1,1,0,0,0.5,0,0.5,0,0,0,0.5,1,NA,1,8,3.5
Trinidad and Tobago,TTO,2019,1,0.5,0.5,0.5,0,1,1,0,0,0.5,0,0.5,0,0,0,0.5,1,NA,1,8,3.5
Trinidad and Tobago,TTO,2022,1,0.5,0.5,0.5,0,1,1,0,0,0.5,0,0.5,0,0,0,0.5,0.5,NA,1,7.5,3.5
Tunisia,TUN,2015,0,0.5,0.5,0,0.5,0,0,0.5,NA,1,1,0.5,NA,1,0,1,1,NA,NA,7.5,5.5
Tunisia,TUN,2017,0,0.5,0.5,0,0.5,0,0.5,0.5,0.5,NA,NA,NA,1,1,0,0.5,1,0.5,0,7,4.5
Tunisia,TUN,2019,1,0.5,1,1,0.5,0,0.5,0.5,0.5,0.5,NA,0,1,1,0,0.5,0.5,0,0,9,5
Tunisia,TUN,2022,1,0.5,0.5,1,0.5,0,0.5,0.5,1,0.5,NR,0,1,1,0,0.5,0,0.5,0,9,5.5
Turkey,TUR,2015,1,0.5,1,0,0.5,1,1,1,NA,0.5,0.5,0.5,1,0,0,0,1,0,NA,9.5,6
Turkey,TUR,2017,1,1,0.5,0,1,1,1,1,1,0.5,1,1,1,1,1,0.5,1,0.5,0,15,11
Turkey,TUR,2019,1,1,1,1,1,1,1,1,1,0.5,1,0.5,1,1,1,0.5,1,0.5,1,17,10.5
Turkey,TUR,2022,1,1,1,1,1,1,1,1,1,0.5,1,0.5,1,1,1,0.5,1,1,1,17.5,10.5
Turkmenistan,TKM,2015,0,0.5,0.5,1,0,1,1,0.5,NA,0.5,1,0.5,1,0,0,1,1,1,0.5,11,6.5
Turkmenistan,TKM,2017,0.5,1,1,1,0,1,1,0.5,NA,0.5,1,0.5,1,1,1,0.5,1,1,0.5,14,8
Turkmenistan,TKM,2019,1,1,1,1,0,1,1,0.5,1,1,1,1,0.5,1,1,0.5,1,1,0.5,16,9.5
Turkmenistan,TKM,2022,0.5,1,1,1,0,1,1,0.5,1,1,1,1,0,0,0,0.5,1,1,1,13.5,7
Tuvalu,TUV,2015,1,0,0.5,0,0,0.5,0.5,1,NA,1,0.5,1,1,0,0,NA,1,0.5,0,8.5,5.5
Tuvalu,TUV,2017,0.5,0,1,0,0.5,0.5,0.5,1,0,NA,NA,NA,0,0,0,0,0,0.5,0.5,5,2.5
Tuvalu,TUV,2019,0.5,0,0.5,0,0,0.5,0.5,1,0,NA,NA,NA,0,0,0,0,0.5,0.5,1,5,2
Tuvalu,TUV,2022,0.5,0,0.5,0,0,0.5,0.5,1,1,NR,NR,NR,0.5,0.5,0,0,0,0.5,0.5,6,4
Uganda,UGA,2015,NA,0,0.5,0,0,0.5,0.5,0,NA,0.5,0,0.5,0,0,0,NA,1,NA,0,3.5,2
Uganda,UGA,2017,0,0,1,0,0.5,1,0.5,1,0,0.5,0,0.5,0,0,0,1,0,1,0,7,5
Uganda,UGA,2019,0,0,1,0,0,1,0.5,1,0.5,0.5,0,1,0,0,0,1,1,1,0,8.5,5.5
Uganda,UGA,2022,1,0,0.5,1,0,1,0.5,1,0.5,0.5,0,1,0,0,0,1,0,1,0,9,5.5
Ukraine,UKR,2015,0,1,0,0,0.5,0.5,1,0.5,NA,0.5,0.5,0.5,0,0,0,1,0,1,0.5,7.5,5
Ukraine,UKR,2017,0,1,0,0,1,0.5,1,0.5,0,0.5,0.5,1,0,0,0,0.5,1,1,0.5,9,5.5
Ukraine,UKR,2019,1,1,1,1,0.5,0.5,1,0.5,0.5,0.5,1,0.5,0,0,0,0.5,1,1,0.5,12,5.5
Ukraine,UKR,2022,1,1,1,1,0.5,0.5,1,0.5,1,0.5,1,0.5,0.5,1,0,0.5,1,1,NA,13.5,7.5
United Arab Emirates,ARE,2015,0.5,0.5,0.5,0.5,0,0.5,0.5,1,NA,NA,NA,NA,1,NA,1,1,1,0.5,0.5,9,5
United Arab Emirates,ARE,2017,1,0.5,0.5,1,0,0.5,0.5,1,0.5,NA,NA,NA,1,1,1,0.5,1,1,1,12,6
United Arab Emirates,ARE,2019,1,0.5,1,1,0.5,0.5,0.5,1,0,0.5,1,0,1,1,0,0.5,1,1,1,13,6.5
United Arab Emirates,ARE,2022,1,0.5,1,1,0.5,0.5,0.5,1,0.5,0.5,1,0,1,1,1,1,1,1,1,15,8.5
United Kingdom,GBR,2015,0,1,1,1,0.5,1,0.5,0.5,NA,0.5,0.5,1,1,1,1,1,1,1,1,14.5,8.5
United Kingdom,GBR,2017,0.5,1,1,1,1,1,1,0.5,1,0.5,0,0.5,1,1,1,0.5,1,1,1,15.5,9
United Kingdom,GBR,2019,0.5,1,1,1,1,1,1,0.5,1,NA,0,0.5,1,1,1,0.5,1,1,1,15,8.5
United Kingdom,GBR,2022,0.5,1,1,1,1,1,1,0.5,1,NR,0,0.5,0.5,1,1,0.5,1,1,1,14.5,8
United Republic of Tanzania,TZA,2015,NA,0,NA,NA,0,0,0,0.5,NA,0.5,0,0.5,NA,NA,NA,NA,NA,NA,NA,1.5,1.5
United Republic of Tanzania,TZA,2017,1,0,0.5,1,0,0,0,0.5,NA,0.5,0,0.5,0,0,0,1,0,0,0,5,2.5
United Republic of Tanzania,TZA,2019,1,0,0.5,1,0,0,0.5,0.5,0,0.5,0,0.5,0,NA,0,1,0,1,0,6.5,3
United Republic of Tanzania,TZA,2022,1,0,0.5,0,0,0,0.5,0.5,0,0.5,0,0,0,0,0,1,1,1,0,6,2.5
United States of America,USA,2015,1,1,1,1,0,0,0.5,0,NA,0.5,0.5,0.5,1,1,0,0,1,0.5,NA,9.5,4
United States of America,USA,2017,1,1,1,1,0,0,0.5,0,1,0.5,0,0.5,1,1,1,0,1,0.5,NA,11,5.5
United States of America,USA,2019,1,1,1,1,0,0,0.5,0,1,0.5,0,0.5,0.5,1,1,0,1,1,NA,11,5
United States of America,USA,2022,1,1,1,1,0,0,1,0,1,0.5,0,0.5,0.5,0.5,1,0,1,1,NA,11,5
Uruguay,URY,2015,0,1,1,0,0,1,1,1,NA,0.5,0,0,1,0,1,1,NA,0,1,9.5,6.5
Uruguay,URY,2017,1,1,0.5,0.5,0.5,1,1,1,0,0.5,0,0.5,0.5,0,1,0.5,0,0,NA,9.5,6.5
Uruguay,URY,2019,1,1,0.5,1,0.5,1,1,1,NA,0.5,0,0,1,0.5,1,0.5,0,0.5,NA,11,7
Uruguay,URY,2022,1,1,0.5,1,0.5,1,1,1,0,0.5,0,0,1,1,1,0.5,0,0.5,NA,11.5,7.5
Uzbekistan,UZB,2015,1,1,0.5,0,0,0,0.5,0.5,NA,0.5,1,NA,1,1,0,1,1,0.5,0,9.5,5.5
Uzbekistan,UZB,2017,0.5,1,0.5,0.5,0,0,0.5,0.5,0,0.5,1,0.5,1,0,1,0.5,0,1,0,9,5.5
Uzbekistan,UZB,2019,1,1,1,1,0,0,0.5,0.5,0,0.5,1,0.5,1,0.5,0,0.5,1,1,0,11,5
Uzbekistan,UZB,2022,1,1,1,1,0.5,0,0.5,0.5,0,0.5,1,0.5,1,1,1,0.5,1,1,0,13,7
Vanuatu,VUT,2015,0,0,0.5,0,0,0,1,1,NA,NA,NA,NA,0,0,NA,0,NA,0.5,0,3,2
Vanuatu,VUT,2017,1,0,0.5,1,0.5,0,1,1,0,0.5,0,1,0.5,0,1,0,0,0.5,0,8.5,5.5
Vanuatu,VUT,2019,1,0,0.5,1,0.5,0,1,1,0,1,0,1,0,0,0,0,0,0.5,0,7.5,4.5
Vanuatu,VUT,2022,1,0,0.5,1,0.5,0,1,1,0,1,0,1,0.5,0.5,0,0,0,1,1,10,5.5
Venezuela,VEN,2015,NA,1,NA,NA,0.5,1,1,0,NA,1,0.5,1,NA,NA,NA,NA,NA,NA,NA,6,5
Venezuela,VEN,2017,0,1,0.5,0,0.5,1,1,0,0,0.5,0,0.5,0,0,0,1,0,0,0,6,4.5
Venezuela,VEN,2019,1,1,0.5,0,0.5,1,1,0,0,0.5,0,0.5,0,0,0,1,0.5,1,0,8.5,4.5
Venezuela,VEN,2022,0.5,1,0.5,0,0.5,1,1,1,0,0.5,0,0.5,0.5,0,NA,0.5,1,1,0,9.5,5.5
Viet Nam,VNM,2015,1,0,0.5,1,0,0.5,1,0.5,NA,0.5,0.5,0.5,0,0,0,1,1,0.5,0,8.5,4.5
Viet Nam,VNM,2017,1,0,1,1,0,0.5,1,0.5,1,0.5,0,0.5,0,0,0,1,0,1,0,9,5
Viet Nam,VNM,2019,1,0,1,1,0,0.5,1,0.5,1,0.5,0.5,0.5,1,0,0,1,1,1,0,11.5,6.5
Viet Nam,VNM,2022,1,0,1,1,0,0.5,1,0.5,1,0.5,0.5,0.5,0.5,0,0,0.5,0,1,0,9.5,5.5
Yemen,YEM,2015,0,0,0,0,0,0.5,0.5,1,NA,1,1,1,0,0,0,NA,0,0,0,5,5
Yemen,YEM,2017,0,0,0,0,0.5,0.5,0.5,1,0,1,1,1,0,0,NA,1,0,0,0,6.5,6.5
Yemen,YEM,2019,0,0,0,0,0.5,0.5,0.5,1,0.5,1,1,1,0,0,0,1,0,0,0,7,7
Yemen,YEM,2022,0,0,0,0,0.5,0.5,0.5,1,0.5,1,1,1,0,0,0,0.5,NA,0,0,6.5,6.5
Zambia,ZMB,2015,1,0,0.5,1,0,0.5,0,0,NA,0.5,0.5,0.5,NA,0,NA,NA,0,1,0,5.5,2
Zambia,ZMB,2017,0,0,0.5,0,0,0.5,0,0,0,0.5,0,0.5,0,0,0,0.5,1,1,0,4.5,2
Zambia,ZMB,2019,0,0,0.5,0,0,0.5,0,0,0,1,0,0,0,0,0,0.5,1,1,0,4.5,2
Zambia,ZMB,2022,0,0,0.5,0,0,0.5,0,0,0.5,1,0,0,0.5,0,0,0.5,0,1,0,4.5,3
Zimbabwe,ZWE,2015,0,0,0.5,0,0,0.5,0,0,NA,0.5,0.5,1,0,0,0,1,1,0,0,5,3.5
Zimbabwe,ZWE,2017,0,0,0,0,0,0.5,0,0,0,0.5,0,0.5,NA,0,NA,1,NA,1,0,3.5,2.5
Zimbabwe,ZWE,2019,0,0,0,0,0,0.5,0,0,0,0.5,0,0,0,0,0,1,0,0.5,0,2.5,2
Zimbabwe,ZWE,2022,0,0,0,0,0,0.5,0,0,0,0.5,0,0,0,0,0,1,0,0.5,0,2.5,2